{
  "providers": [
    {
      "type": "bitmap",
      "file": "minecraft:custom/creator.png",
      "ascent": 8,
      "height": 9,
      "chars": [ "\u2620" ]
    },
    {
      "type": "bitmap",
      "file": "minecraft:custom/koshelek.png",
      "ascent": 12,
      "height": 15,
      "chars": [ "\u273F" ]
    },
    {
      "type": "bitmap",
      "file": "minecraft:custom/youtube.png",
      "ascent": 8,
      "height": 9,
      "chars": [ "\u274F" ]
    },
    {
      "type": "bitmap",
      "file": "minecraft:custom/moder.png",
      "ascent": 8,
      "height": 9,
      "chars": [ "\u2615" ]
    },
    {
      "type": "bitmap",
      "file": "minecraft:custom/sanctions.png",
      "ascent": 9,
      "height": 9,
      "chars": [ "\uE001" ]
    },
    {
      "type": "bitmap",
      "file": "minecraft:custom/helper.png",
      "ascent": 9,
      "height": 9,
      "chars": [ "\uE021" ]
    },
    {
      "type": "bitmap",
      "file": "minecraft:custom/player.png",
      "ascent": 9,
      "height": 9,
      "chars": [ "\u2614" ]
    },
    {
      "type": "bitmap",
      "file": "minecraft:custom/sponsor.png",
      "ascent": 9,
      "height": 9,
      "chars": [ "\uE022" ]
    },
    {
      "type": "bitmap",
      "file": "minecraft:custom/logo.png",
      "ascent": 10,
      "height": 24,
      "chars": [ "\u27A8" ]
    }
  ]
}