{
	"credit": "Made with Blockbench",
	"textures": {
		"0": "chell",
		"1": "anton",
		"2": "shtann",
		"3": "blashhh",
		"particle": "chell"
	},
	"elements": [
		{
			"from": [3, 6, 0],
			"to": [11, 18, 1],
			"faces": {
				"north": {"uv": [0, 0, 4, 6], "texture": "#1"},
				"east": {"uv": [0, 6, 0.5, 12], "texture": "#1"},
				"south": {"uv": [4, 0, 8, 6], "texture": "#1"},
				"west": {"uv": [0.5, 6, 1, 12], "texture": "#1"},
				"up": {"uv": [5, 7.5, 1, 7], "texture": "#1"},
				"down": {"uv": [9, 7, 5, 7.5], "texture": "#1"}
			}
		},
		{
			"from": [11, 9, 0],
			"to": [14, 11, 1],
			"faces": {
				"north": {"uv": [8, 0, 9.5, 1], "texture": "#1"},
				"east": {"uv": [2.5, 8.5, 3, 9.5], "texture": "#1"},
				"south": {"uv": [1, 8, 2.5, 9], "texture": "#1"},
				"west": {"uv": [3, 8.5, 3.5, 9.5], "texture": "#1"},
				"up": {"uv": [7, 8.5, 5.5, 8], "texture": "#1"},
				"down": {"uv": [9.5, 5.5, 8, 6], "texture": "#1"}
			}
		},
		{
			"from": [0, 9, 0],
			"to": [3, 11, 1],
			"faces": {
				"north": {"uv": [8, 1, 9.5, 2], "texture": "#1"},
				"east": {"uv": [3.5, 8.5, 4, 9.5], "texture": "#1"},
				"south": {"uv": [8, 2, 9.5, 3], "texture": "#1"},
				"west": {"uv": [4, 8.5, 4.5, 9.5], "texture": "#1"},
				"up": {"uv": [8.5, 8.5, 7, 8], "texture": "#1"},
				"down": {"uv": [9.5, 7.5, 8, 8], "texture": "#1"}
			}
		},
		{
			"from": [11, 8, 0],
			"to": [13, 9, 1],
			"faces": {
				"north": {"uv": [4.5, 8.5, 5.5, 9], "texture": "#1"},
				"east": {"uv": [6, 9, 6.5, 9.5], "texture": "#1"},
				"south": {"uv": [5.5, 8.5, 6.5, 9], "texture": "#1"},
				"west": {"uv": [6.5, 9, 7, 9.5], "texture": "#1"},
				"up": {"uv": [7.5, 9, 6.5, 8.5], "texture": "#1"},
				"down": {"uv": [8.5, 8.5, 7.5, 9], "texture": "#1"}
			}
		},
		{
			"from": [1, 8, 0],
			"to": [3, 9, 1],
			"faces": {
				"north": {"uv": [8.5, 8, 9.5, 8.5], "texture": "#1"},
				"east": {"uv": [7, 9, 7.5, 9.5], "texture": "#1"},
				"south": {"uv": [8.5, 8.5, 9.5, 9], "texture": "#1"},
				"west": {"uv": [9, 7, 9.5, 7.5], "texture": "#1"},
				"up": {"uv": [2, 9.5, 1, 9], "texture": "#1"},
				"down": {"uv": [5.5, 9, 4.5, 9.5], "texture": "#1"}
			}
		},
		{
			"from": [4, 4, 0],
			"to": [10, 6, 1],
			"rotation": {"angle": 0, "axis": "y", "origin": [7, 5, 0.5]},
			"faces": {
				"north": {"uv": [1, 6, 4, 7], "texture": "#1"},
				"east": {"uv": [2, 9, 2.5, 10], "texture": "#1"},
				"south": {"uv": [4, 6, 7, 7], "texture": "#1"},
				"west": {"uv": [5.5, 9, 6, 10], "texture": "#1"},
				"up": {"uv": [5.5, 8.5, 2.5, 8], "texture": "#1"},
				"down": {"uv": [11, 3, 8, 3.5], "texture": "#1"}
			}
		},
		{
			"from": [5, 2, 0],
			"to": [9, 3, 1],
			"faces": {
				"north": {"uv": [8, 3.5, 10, 4], "texture": "#1"},
				"east": {"uv": [7.5, 9, 8, 9.5], "texture": "#1"},
				"south": {"uv": [8, 4, 10, 4.5], "texture": "#1"},
				"west": {"uv": [8, 9, 8.5, 9.5], "texture": "#1"},
				"up": {"uv": [10, 5, 8, 4.5], "texture": "#1"},
				"down": {"uv": [10, 5, 8, 5.5], "texture": "#1"}
			}
		},
		{
			"from": [3, 18, 0],
			"to": [10, 19, 1],
			"faces": {
				"north": {"uv": [7, 6, 10.5, 6.5], "texture": "#1"},
				"east": {"uv": [8.5, 9, 9, 9.5], "texture": "#1"},
				"south": {"uv": [7, 6.5, 10.5, 7], "texture": "#1"},
				"west": {"uv": [9, 9, 9.5, 9.5], "texture": "#1"},
				"up": {"uv": [4.5, 8, 1, 7.5], "texture": "#1"},
				"down": {"uv": [8, 7.5, 4.5, 8], "texture": "#1"}
			}
		},
		{
			"from": [7, 17.2, 1],
			"to": [8, 19.2, 1.4],
			"faces": {
				"north": {"uv": [8, 2, 9, 4], "texture": "#0"},
				"east": {"uv": [3, 8, 4, 10], "texture": "#0"},
				"south": {"uv": [4, 8, 5, 10], "texture": "#0"},
				"west": {"uv": [8, 4, 9, 6], "texture": "#0"},
				"up": {"uv": [6, 9, 5, 8], "texture": "#0"},
				"down": {"uv": [7, 8, 6, 9], "texture": "#0"}
			}
		},
		{
			"from": [4, 16, 1],
			"to": [7, 19.2, 1.4],
			"faces": {
				"north": {"uv": [0, 0, 3, 3], "texture": "#0"},
				"east": {"uv": [7, 4, 8, 7], "texture": "#0"},
				"south": {"uv": [0, 3, 3, 6], "texture": "#0"},
				"west": {"uv": [7, 7, 8, 10], "texture": "#0"},
				"up": {"uv": [11, 1, 8, 0], "texture": "#0"},
				"down": {"uv": [11, 1, 8, 2], "texture": "#0"}
			}
		},
		{
			"from": [2.8, 19, 0],
			"to": [7, 19.2, 1],
			"faces": {
				"north": {"uv": [3, 0, 7, 1], "texture": "#0"},
				"east": {"uv": [8, 6, 9, 7], "texture": "#0"},
				"south": {"uv": [3, 1, 7, 2], "texture": "#0"},
				"west": {"uv": [8, 7, 9, 8], "texture": "#0"},
				"up": {"uv": [7, 3, 3, 2], "texture": "#0"},
				"down": {"uv": [7, 3, 3, 4], "texture": "#0"}
			}
		},
		{
			"from": [2.8, 15, 1],
			"to": [4, 19.2, 1.4],
			"faces": {
				"north": {"uv": [3, 4, 4, 8], "texture": "#0"},
				"east": {"uv": [4, 4, 5, 8], "texture": "#0"},
				"south": {"uv": [5, 4, 6, 8], "texture": "#0"},
				"west": {"uv": [0, 6, 1, 10], "texture": "#0"},
				"up": {"uv": [9, 9, 8, 8], "texture": "#0"},
				"down": {"uv": [10, 2, 9, 3], "texture": "#0"}
			}
		},
		{
			"from": [2.8, 15, 0],
			"to": [3, 19, 1],
			"faces": {
				"north": {"uv": [1, 6, 2, 10], "texture": "#0"},
				"east": {"uv": [2, 6, 3, 10], "texture": "#0"},
				"south": {"uv": [6, 4, 7, 8], "texture": "#0"},
				"west": {"uv": [7, 0, 8, 4], "texture": "#0"},
				"up": {"uv": [10, 4, 9, 3], "texture": "#0"},
				"down": {"uv": [10, 4, 9, 5], "texture": "#0"}
			}
		},
		{
			"from": [4, 3, 0],
			"to": [10, 4, 1],
			"faces": {
				"north": {"uv": [0, 0, 6, 1], "texture": "#2"},
				"east": {"uv": [0, 4, 1, 5], "texture": "#2"},
				"south": {"uv": [0, 1, 6, 2], "texture": "#2"},
				"west": {"uv": [1, 4, 2, 5], "texture": "#2"},
				"up": {"uv": [6, 3, 0, 2], "texture": "#2"},
				"down": {"uv": [6, 3, 0, 4], "texture": "#2"}
			}
		},
		{
			"from": [6, 5.5, 0.2],
			"to": [8, 6, 1.2],
			"faces": {
				"north": {"uv": [0, 0, 2, 1], "texture": "#3"},
				"east": {"uv": [2, 1, 3, 2], "texture": "#3"},
				"south": {"uv": [0, 1, 2, 2], "texture": "#3"},
				"west": {"uv": [2, 2, 3, 3], "texture": "#3"},
				"up": {"uv": [2, 3, 0, 2], "texture": "#3"},
				"down": {"uv": [4, 0, 2, 1], "texture": "#3"}
			}
		},
		{
			"from": [6.4, 5.2, 1],
			"to": [7.6, 5.5, 1.1],
			"faces": {
				"north": {"uv": [0, 3, 1, 4], "texture": "#3"},
				"east": {"uv": [1, 3, 2, 4], "texture": "#3"},
				"south": {"uv": [3, 1, 4, 2], "texture": "#3"},
				"west": {"uv": [2, 3, 3, 4], "texture": "#3"},
				"up": {"uv": [4, 3, 3, 2], "texture": "#3"},
				"down": {"uv": [4, 3, 3, 4], "texture": "#3"}
			}
		}
	],
	"display": {
		"thirdperson_righthand": {
			"translation": [0.5, 2, 5],
			"scale": [0.61, 0.61, 0.61]
		},
		"thirdperson_lefthand": {
			"translation": [-0.5, 2, 5.75],
			"scale": [0.61, 0.61, 0.61]
		},
		"firstperson_righthand": {
			"rotation": [-10.17, -52.35, -2.63],
			"translation": [0.75, -2, -2]
		},
		"firstperson_lefthand": {
			"rotation": [-10.33, -53.12, -2.83],
			"translation": [0.75, -2, -3.75]
		},
		"ground": {
			"rotation": [0, -19, 0],
			"translation": [0, 0, 5.25],
			"scale": [0.67, 0.67, 0.67]
		},
		"gui": {
			"translation": [1, -3, 0],
			"scale": [0.94, 0.94, 0.94]
		},
		"fixed": {
			"rotation": [0, -180, 0],
			"translation": [-1, -2.75, -7.75]
		}
	},
	"groups": [
		0,
		1,
		2,
		3,
		4,
		5,
		6,
		7,
		{
			"name": "group",
			"origin": [0, 0, 0],
			"color": 0,
			"children": [8, 9, 10, 11, 12]
		},
		13,
		14,
		15
	]
}