{
	"credit": "Made with Blockbench",
	"textures": {
		"0": "A",
		"1": "fund",
		"2": "ves",
		"3": "pov",
		"4": "sword",
		"particle": "A"
	},
	"elements": [
		{
			"from": [0, 0, 0],
			"to": [4, 6, 4],
			"rotation": {"angle": 0, "axis": "y", "origin": [2, -3, 2]},
			"faces": {
				"north": {"uv": [5, 14.5, 6, 16], "texture": "#0"},
				"east": {"uv": [4, 14.5, 5, 16], "texture": "#0"},
				"south": {"uv": [7, 14.5, 8, 16], "texture": "#0"},
				"west": {"uv": [6, 14.5, 7, 16], "texture": "#0"},
				"up": {"uv": [5, 12, 6, 13], "texture": "#0"},
				"down": {"uv": [6, 12, 7, 13], "texture": "#0"}
			}
		},
		{
			"from": [0, 6, 0],
			"to": [4, 12, 4],
			"rotation": {"angle": 0, "axis": "y", "origin": [2, 9, 2]},
			"faces": {
				"north": {"uv": [5, 13, 6, 14.5], "texture": "#0"},
				"east": {"uv": [4, 13, 5, 14.5], "texture": "#0"},
				"south": {"uv": [7, 13, 8, 14.5], "texture": "#0"},
				"west": {"uv": [6, 13, 7, 14.5], "texture": "#0"},
				"up": {"uv": [5, 12, 6, 13], "texture": "#0"},
				"down": {"uv": [5, 12, 6, 13], "texture": "#0"}
			}
		},
		{
			"from": [4, 0, 0],
			"to": [8, 6, 4],
			"rotation": {"angle": 0, "axis": "y", "origin": [6, -4, 2]},
			"faces": {
				"north": {"uv": [1, 6.5, 2, 8], "texture": "#0"},
				"east": {"uv": [0, 6.5, 1, 8], "texture": "#0"},
				"south": {"uv": [3, 6.5, 4, 8], "texture": "#0"},
				"west": {"uv": [2, 6.5, 3, 8], "texture": "#0"},
				"up": {"uv": [1, 4, 2, 5], "texture": "#0"},
				"down": {"uv": [2, 4, 3, 5], "texture": "#0"}
			}
		},
		{
			"from": [4, 6, 0],
			"to": [8, 12, 4],
			"rotation": {"angle": 0, "axis": "y", "origin": [6, 9, 2]},
			"faces": {
				"north": {"uv": [1, 5, 2, 6.5], "texture": "#0"},
				"east": {"uv": [0, 5, 1, 6.5], "texture": "#0"},
				"south": {"uv": [3, 5, 4, 6.5], "texture": "#0"},
				"west": {"uv": [2, 5, 3, 6.5], "texture": "#0"},
				"up": {"uv": [1, 4, 2, 5], "texture": "#0"},
				"down": {"uv": [1, 4, 2, 5], "texture": "#0"}
			}
		},
		{
			"from": [8, 15, -3.95],
			"to": [12, 19, 2.05],
			"rotation": {"angle": 0, "axis": "y", "origin": [10, 15, 2]},
			"faces": {
				"north": {"uv": [12.025, 4.05, 13, 5], "rotation": 180, "texture": "#0"},
				"east": {"uv": [10, 6.5, 11, 8], "rotation": 270, "texture": "#0"},
				"south": {"uv": [12, 5.5, 13, 6.5], "texture": "#0"},
				"west": {"uv": [12, 6.5, 13, 8], "rotation": 90, "texture": "#0"},
				"up": {"uv": [11, 6.5, 12, 8], "rotation": 180, "texture": "#0"},
				"down": {"uv": [13, 6.5, 14, 8], "texture": "#0"}
			}
		},
		{
			"from": [8, 18, 0],
			"to": [12, 24, 4],
			"rotation": {"angle": 22.5, "axis": "x", "origin": [10, 21, 2]},
			"faces": {
				"north": {"uv": [11, 5, 12, 6.5], "texture": "#0"},
				"east": {"uv": [10, 5, 11, 6.5], "texture": "#0"},
				"south": {"uv": [13, 5, 14, 6.5], "texture": "#0"},
				"west": {"uv": [12, 5, 13, 6.5], "texture": "#0"},
				"up": {"uv": [11, 4, 12, 5], "texture": "#0"},
				"down": {"uv": [11, 5.5, 12, 6.5], "texture": "#0"}
			}
		},
		{
			"from": [-4, 13, 0],
			"to": [0, 19, 4],
			"rotation": {"angle": 45, "axis": "x", "origin": [-2, 15, 2]},
			"faces": {
				"north": {"uv": [9, 14.5, 10, 16], "texture": "#0"},
				"east": {"uv": [8, 14.5, 9, 16], "texture": "#0"},
				"south": {"uv": [11, 14.5, 12, 16], "texture": "#0"},
				"west": {"uv": [10, 14.5, 11, 16], "texture": "#0"},
				"up": {"uv": [9, 13.5, 10, 14.5], "texture": "#0"},
				"down": {"uv": [10, 12, 11, 13], "texture": "#0"}
			}
		},
		{
			"from": [-4, 18, 0],
			"to": [0, 24, 4],
			"rotation": {"angle": -22.5, "axis": "x", "origin": [-2, 21, 2]},
			"faces": {
				"north": {"uv": [9, 13, 10, 14.5], "texture": "#0"},
				"east": {"uv": [8, 13.025, 9, 14.525], "texture": "#0"},
				"south": {"uv": [11, 13.025, 12, 14.525], "texture": "#0"},
				"west": {"uv": [10, 13, 11, 14.5], "texture": "#0"},
				"up": {"uv": [9, 12, 10, 13], "texture": "#0"},
				"down": {"uv": [9, 13.525, 10, 14.525], "texture": "#0"}
			}
		},
		{
			"from": [0, 12, 0],
			"to": [8, 24, 4],
			"rotation": {"angle": 0, "axis": "y", "origin": [4, 17, 2]},
			"faces": {
				"north": {"uv": [5, 5, 7, 8], "texture": "#0"},
				"east": {"uv": [4, 5, 5, 8], "texture": "#0"},
				"south": {"uv": [8, 5, 10, 8], "texture": "#0"},
				"west": {"uv": [7, 5, 8, 8], "texture": "#0"},
				"up": {"uv": [5, 4, 7, 5], "rotation": 180, "texture": "#0"},
				"down": {"uv": [7, 4, 9, 5], "texture": "#0"}
			}
		},
		{
			"from": [0, 24, -2],
			"to": [8, 32, 6],
			"rotation": {"angle": 0, "axis": "y", "origin": [4, 23, 2]},
			"faces": {
				"north": {"uv": [2, 2, 4, 4], "texture": "#0"},
				"east": {"uv": [0, 2, 2, 4], "texture": "#0"},
				"south": {"uv": [6, 2, 8, 4], "texture": "#0"},
				"west": {"uv": [4, 2, 6, 4], "texture": "#0"},
				"up": {"uv": [2, 0, 4, 2], "texture": "#0"},
				"down": {"uv": [4, 0, 6, 2], "texture": "#0"}
			}
		},
		{
			"from": [-2, -3, -4],
			"to": [10, 0, 8],
			"faces": {
				"north": {"uv": [6, 0, 12, 1.5], "texture": "#1"},
				"east": {"uv": [6, 1.5, 12, 3], "texture": "#1"},
				"south": {"uv": [6, 3, 12, 4.5], "texture": "#1"},
				"west": {"uv": [6, 4.5, 12, 6], "texture": "#1"},
				"up": {"uv": [6, 6, 0, 0], "texture": "#1"},
				"down": {"uv": [6, 6, 0, 12], "texture": "#1"}
			}
		},
		{
			"from": [-8.60795, 16.0613, -1],
			"to": [-5.60795, 19.0613, 0],
			"rotation": {"angle": -45, "axis": "z", "origin": [-4, 12, 10]},
			"faces": {
				"north": {"uv": [0, 0, 1.5, 1.5], "texture": "#4"},
				"east": {"uv": [5, 2, 5.5, 3.5], "texture": "#4"},
				"south": {"uv": [0, 1.5, 1.5, 3], "texture": "#4"},
				"west": {"uv": [5, 3.5, 5.5, 5], "texture": "#4"},
				"up": {"uv": [6.5, 5.5, 5, 5], "texture": "#4"},
				"down": {"uv": [7, 0, 5.5, 0.5], "texture": "#4"}
			}
		},
		{
			"from": [-6.60795, 15.0613, -1],
			"to": [-5.60795, 16.0613, 0],
			"rotation": {"angle": -45, "axis": "z", "origin": [-4, 12, 10]},
			"faces": {
				"north": {"uv": [8, 5.5, 8.5, 6], "texture": "#4"},
				"east": {"uv": [6, 8, 6.5, 8.5], "texture": "#4"},
				"south": {"uv": [8, 6, 8.5, 6.5], "texture": "#4"},
				"west": {"uv": [6.5, 8, 7, 8.5], "texture": "#4"},
				"up": {"uv": [8.5, 7, 8, 6.5], "texture": "#4"},
				"down": {"uv": [8.5, 7, 8, 7.5], "texture": "#4"}
			}
		},
		{
			"from": [0.39205, 11.0613, -1],
			"to": [1.39205, 12.0613, 0],
			"rotation": {"angle": -45, "axis": "z", "origin": [-4, 12, 10]},
			"faces": {
				"north": {"uv": [8, 7.5, 8.5, 8], "texture": "#4"},
				"east": {"uv": [8, 8, 8.5, 8.5], "texture": "#4"},
				"south": {"uv": [0, 8.5, 0.5, 9], "texture": "#4"},
				"west": {"uv": [8.5, 0, 9, 0.5], "texture": "#4"},
				"up": {"uv": [9, 1, 8.5, 0.5], "texture": "#4"},
				"down": {"uv": [2, 8.5, 1.5, 9], "texture": "#4"}
			}
		},
		{
			"from": [0.39205, 10.0613, -1],
			"to": [2.39205, 11.0613, 0],
			"rotation": {"angle": -45, "axis": "z", "origin": [-4, 12, 10]},
			"faces": {
				"north": {"uv": [7, 0, 8, 0.5], "texture": "#4"},
				"east": {"uv": [8.5, 1.5, 9, 2], "texture": "#4"},
				"south": {"uv": [0.5, 7, 1.5, 7.5], "texture": "#4"},
				"west": {"uv": [2, 8.5, 2.5, 9], "texture": "#4"},
				"up": {"uv": [2.5, 7.5, 1.5, 7], "texture": "#4"},
				"down": {"uv": [8, 2, 7, 2.5], "texture": "#4"}
			}
		},
		{
			"from": [3.39205, 7.0613, -1],
			"to": [5.39205, 8.0613, 0],
			"rotation": {"angle": -45, "axis": "z", "origin": [-4, 12, 10]},
			"faces": {
				"north": {"uv": [2.5, 7, 3.5, 7.5], "texture": "#4"},
				"east": {"uv": [2.5, 8.5, 3, 9], "texture": "#4"},
				"south": {"uv": [7, 2.5, 8, 3], "texture": "#4"},
				"west": {"uv": [3, 8.5, 3.5, 9], "texture": "#4"},
				"up": {"uv": [8, 3.5, 7, 3], "texture": "#4"},
				"down": {"uv": [8, 5.5, 7, 6], "texture": "#4"}
			}
		},
		{
			"from": [4.39205, 3.0613, -1],
			"to": [6.39205, 4.0613, 0],
			"rotation": {"angle": -45, "axis": "z", "origin": [-4, 12, 10]},
			"faces": {
				"north": {"uv": [7, 6, 8, 6.5], "texture": "#4"},
				"east": {"uv": [3.5, 8.5, 4, 9], "texture": "#4"},
				"south": {"uv": [7, 6.5, 8, 7], "texture": "#4"},
				"west": {"uv": [4, 8.5, 4.5, 9], "texture": "#4"},
				"up": {"uv": [8, 7.5, 7, 7], "texture": "#4"},
				"down": {"uv": [1.5, 7.5, 0.5, 8], "texture": "#4"}
			}
		},
		{
			"from": [-1.60795, 9.0613, -1],
			"to": [-0.60795, 10.0613, 0],
			"rotation": {"angle": -45, "axis": "z", "origin": [-4, 12, 10]},
			"faces": {
				"north": {"uv": [8.5, 4.5, 9, 5], "texture": "#4"},
				"east": {"uv": [8.5, 5, 9, 5.5], "texture": "#4"},
				"south": {"uv": [8.5, 5.5, 9, 6], "texture": "#4"},
				"west": {"uv": [6, 8.5, 6.5, 9], "texture": "#4"},
				"up": {"uv": [9, 6.5, 8.5, 6], "texture": "#4"},
				"down": {"uv": [7, 8.5, 6.5, 9], "texture": "#4"}
			}
		},
		{
			"from": [-0.60795, 8.0613, -1],
			"to": [0.39205, 10.0613, 0],
			"rotation": {"angle": -45, "axis": "z", "origin": [-4, 12, 10]},
			"faces": {
				"north": {"uv": [4.5, 2, 5, 3], "texture": "#4"},
				"east": {"uv": [5, 7, 5.5, 8], "texture": "#4"},
				"south": {"uv": [7.5, 0.5, 8, 1.5], "texture": "#4"},
				"west": {"uv": [1.5, 7.5, 2, 8.5], "texture": "#4"},
				"up": {"uv": [9, 7, 8.5, 6.5], "texture": "#4"},
				"down": {"uv": [7.5, 8.5, 7, 9], "texture": "#4"}
			}
		},
		{
			"from": [2.39205, 5.0613, -1],
			"to": [3.39205, 7.0613, 0],
			"rotation": {"angle": -45, "axis": "z", "origin": [-4, 12, 10]},
			"faces": {
				"north": {"uv": [2, 7.5, 2.5, 8.5], "texture": "#4"},
				"east": {"uv": [2.5, 7.5, 3, 8.5], "texture": "#4"},
				"south": {"uv": [3, 7.5, 3.5, 8.5], "texture": "#4"},
				"west": {"uv": [7, 7.5, 7.5, 8.5], "texture": "#4"},
				"up": {"uv": [9, 7.5, 8.5, 7], "texture": "#4"},
				"down": {"uv": [8, 8.5, 7.5, 9], "texture": "#4"}
			}
		},
		{
			"from": [6.39205, 3.0613, -1],
			"to": [7.39205, 6.0613, 0],
			"rotation": {"angle": -45, "axis": "z", "origin": [-4, 12, 10]},
			"faces": {
				"north": {"uv": [5.5, 0.5, 6, 2], "texture": "#4"},
				"east": {"uv": [5.5, 2, 6, 3.5], "texture": "#4"},
				"south": {"uv": [5.5, 3.5, 6, 5], "texture": "#4"},
				"west": {"uv": [5, 5.5, 5.5, 7], "texture": "#4"},
				"up": {"uv": [9, 8, 8.5, 7.5], "texture": "#4"},
				"down": {"uv": [8.5, 8.5, 8, 9], "texture": "#4"}
			}
		},
		{
			"from": [3.39205, 8.0613, -1],
			"to": [4.39205, 9.0613, 0],
			"rotation": {"angle": -45, "axis": "z", "origin": [-4, 12, 10]},
			"faces": {
				"north": {"uv": [8.5, 8, 9, 8.5], "texture": "#4"},
				"east": {"uv": [8.5, 8.5, 9, 9], "texture": "#4"},
				"south": {"uv": [0, 9, 0.5, 9.5], "texture": "#4"},
				"west": {"uv": [9, 0, 9.5, 0.5], "texture": "#4"},
				"up": {"uv": [1, 9.5, 0.5, 9], "texture": "#4"},
				"down": {"uv": [9.5, 0.5, 9, 1], "texture": "#4"}
			}
		},
		{
			"from": [1.39205, 6.0613, -1],
			"to": [2.39205, 7.0613, 0],
			"rotation": {"angle": -45, "axis": "z", "origin": [-4, 12, 10]},
			"faces": {
				"north": {"uv": [1, 9, 1.5, 9.5], "texture": "#4"},
				"east": {"uv": [9, 1, 9.5, 1.5], "texture": "#4"},
				"south": {"uv": [1.5, 9, 2, 9.5], "texture": "#4"},
				"west": {"uv": [9, 1.5, 9.5, 2], "texture": "#4"},
				"up": {"uv": [2.5, 9.5, 2, 9], "texture": "#4"},
				"down": {"uv": [9.5, 2, 9, 2.5], "texture": "#4"}
			}
		},
		{
			"from": [-6.60795, 9.0613, -1],
			"to": [-5.60795, 11.0613, 0],
			"rotation": {"angle": -45, "axis": "z", "origin": [-4, 12, 10]},
			"faces": {
				"north": {"uv": [7.5, 7.5, 8, 8.5], "texture": "#4"},
				"east": {"uv": [8, 0, 8.5, 1], "texture": "#4"},
				"south": {"uv": [0.5, 8, 1, 9], "texture": "#4"},
				"west": {"uv": [1, 8, 1.5, 9], "texture": "#4"},
				"up": {"uv": [3, 9.5, 2.5, 9], "texture": "#4"},
				"down": {"uv": [9.5, 2.5, 9, 3], "texture": "#4"}
			}
		},
		{
			"from": [-2.60795, 15.0613, -1],
			"to": [1.39205, 16.0613, 0],
			"rotation": {"angle": -45, "axis": "z", "origin": [-4, 12, 10]},
			"faces": {
				"north": {"uv": [3, 3, 5, 3.5], "texture": "#4"},
				"east": {"uv": [3, 9, 3.5, 9.5], "texture": "#4"},
				"south": {"uv": [3, 3.5, 5, 4], "texture": "#4"},
				"west": {"uv": [9, 3, 9.5, 3.5], "texture": "#4"},
				"up": {"uv": [5, 4.5, 3, 4], "texture": "#4"},
				"down": {"uv": [2, 4.5, 0, 5], "texture": "#4"}
			}
		},
		{
			"from": [-2.60795, 14.0613, -1],
			"to": [0.39205, 15.0613, 0],
			"rotation": {"angle": -45, "axis": "z", "origin": [-4, 12, 10]},
			"faces": {
				"north": {"uv": [5.5, 5.5, 7, 6], "texture": "#4"},
				"east": {"uv": [3.5, 9, 4, 9.5], "texture": "#4"},
				"south": {"uv": [6, 0.5, 7.5, 1], "texture": "#4"},
				"west": {"uv": [9, 3.5, 9.5, 4], "texture": "#4"},
				"up": {"uv": [7.5, 1.5, 6, 1], "texture": "#4"},
				"down": {"uv": [7.5, 1.5, 6, 2], "texture": "#4"}
			}
		},
		{
			"from": [-2.60795, 13.0613, -1],
			"to": [-0.60795, 14.0613, 0],
			"rotation": {"angle": -45, "axis": "z", "origin": [-4, 12, 10]},
			"faces": {
				"north": {"uv": [7.5, 1.5, 8.5, 2], "texture": "#4"},
				"east": {"uv": [4, 9, 4.5, 9.5], "texture": "#4"},
				"south": {"uv": [8, 1, 9, 1.5], "texture": "#4"},
				"west": {"uv": [9, 4, 9.5, 4.5], "texture": "#4"},
				"up": {"uv": [9, 2.5, 8, 2], "texture": "#4"},
				"down": {"uv": [9, 2.5, 8, 3], "texture": "#4"}
			}
		},
		{
			"from": [-2.60795, 10.0613, -1],
			"to": [0.39205, 13.0613, 0],
			"rotation": {"angle": -45, "axis": "z", "origin": [-4, 12, 10]},
			"faces": {
				"north": {"uv": [1.5, 0, 3, 1.5], "texture": "#4"},
				"east": {"uv": [6, 2, 6.5, 3.5], "texture": "#4"},
				"south": {"uv": [1.5, 1.5, 3, 3], "texture": "#4"},
				"west": {"uv": [6, 3.5, 6.5, 5], "texture": "#4"},
				"up": {"uv": [7, 6.5, 5.5, 6], "texture": "#4"},
				"down": {"uv": [3.5, 6.5, 2, 7], "texture": "#4"}
			}
		},
		{
			"from": [0.39205, 7.0613, -1],
			"to": [3.39205, 10.0613, 0],
			"rotation": {"angle": -45, "axis": "z", "origin": [-4, 12, 10]},
			"faces": {
				"north": {"uv": [0, 3, 1.5, 4.5], "texture": "#4"},
				"east": {"uv": [6.5, 2, 7, 3.5], "texture": "#4"},
				"south": {"uv": [3, 0, 4.5, 1.5], "texture": "#4"},
				"west": {"uv": [3.5, 6.5, 4, 8], "texture": "#4"},
				"up": {"uv": [8, 4, 6.5, 3.5], "texture": "#4"},
				"down": {"uv": [8, 4, 6.5, 4.5], "texture": "#4"}
			}
		},
		{
			"from": [3.39205, 4.0613, -1],
			"to": [6.39205, 7.0613, 0],
			"rotation": {"angle": -45, "axis": "z", "origin": [-4, 12, 10]},
			"faces": {
				"north": {"uv": [1.5, 3, 3, 4.5], "texture": "#4"},
				"east": {"uv": [4, 6.5, 4.5, 8], "texture": "#4"},
				"south": {"uv": [3, 1.5, 4.5, 3], "texture": "#4"},
				"west": {"uv": [4.5, 6.5, 5, 8], "texture": "#4"},
				"up": {"uv": [8, 5, 6.5, 4.5], "texture": "#4"},
				"down": {"uv": [8, 5, 6.5, 5.5], "texture": "#4"}
			}
		},
		{
			"from": [-0.60795, 16.0613, -1],
			"to": [1.39205, 17.0613, 0],
			"rotation": {"angle": -45, "axis": "z", "origin": [-4, 12, 10]},
			"faces": {
				"north": {"uv": [8, 3, 9, 3.5], "texture": "#4"},
				"east": {"uv": [4.5, 9, 5, 9.5], "texture": "#4"},
				"south": {"uv": [3.5, 8, 4.5, 8.5], "texture": "#4"},
				"west": {"uv": [9, 4.5, 9.5, 5], "texture": "#4"},
				"up": {"uv": [9, 4, 8, 3.5], "texture": "#4"},
				"down": {"uv": [9, 4, 8, 4.5], "texture": "#4"}
			}
		},
		{
			"from": [-5.60795, 14.0613, -1],
			"to": [-4.60795, 17.0613, 0],
			"rotation": {"angle": -45, "axis": "z", "origin": [-4, 12, 10]},
			"faces": {
				"north": {"uv": [5.5, 6.5, 6, 8], "texture": "#4"},
				"east": {"uv": [6, 6.5, 6.5, 8], "texture": "#4"},
				"south": {"uv": [6.5, 6.5, 7, 8], "texture": "#4"},
				"west": {"uv": [0, 7, 0.5, 8.5], "texture": "#4"},
				"up": {"uv": [5.5, 9.5, 5, 9], "texture": "#4"},
				"down": {"uv": [9.5, 5, 9, 5.5], "texture": "#4"}
			}
		},
		{
			"from": [-4.60795, 14.0613, -1],
			"to": [-3.60795, 16.0613, 0],
			"rotation": {"angle": -45, "axis": "z", "origin": [-4, 12, 10]},
			"faces": {
				"north": {"uv": [4.5, 8, 5, 9], "texture": "#4"},
				"east": {"uv": [8, 4.5, 8.5, 5.5], "texture": "#4"},
				"south": {"uv": [5, 8, 5.5, 9], "texture": "#4"},
				"west": {"uv": [5.5, 8, 6, 9], "texture": "#4"},
				"up": {"uv": [6, 9.5, 5.5, 9], "texture": "#4"},
				"down": {"uv": [9.5, 5.5, 9, 6], "texture": "#4"}
			}
		},
		{
			"from": [-3.60795, 11.0613, -1],
			"to": [-2.60795, 15.0613, 0],
			"rotation": {"angle": -45, "axis": "z", "origin": [-4, 12, 10]},
			"faces": {
				"north": {"uv": [4.5, 0, 5, 2], "texture": "#4"},
				"east": {"uv": [2, 4.5, 2.5, 6.5], "texture": "#4"},
				"south": {"uv": [2.5, 4.5, 3, 6.5], "texture": "#4"},
				"west": {"uv": [3, 4.5, 3.5, 6.5], "texture": "#4"},
				"up": {"uv": [6.5, 9.5, 6, 9], "texture": "#4"},
				"down": {"uv": [9.5, 6, 9, 6.5], "texture": "#4"}
			}
		},
		{
			"from": [-4.60795, 10.0613, -1],
			"to": [-3.60795, 14.0613, 0],
			"rotation": {"angle": -45, "axis": "z", "origin": [-4, 12, 10]},
			"faces": {
				"north": {"uv": [3.5, 4.5, 4, 6.5], "texture": "#4"},
				"east": {"uv": [4, 4.5, 4.5, 6.5], "texture": "#4"},
				"south": {"uv": [4.5, 4.5, 5, 6.5], "texture": "#4"},
				"west": {"uv": [0, 5, 0.5, 7], "texture": "#4"},
				"up": {"uv": [7, 9.5, 6.5, 9], "texture": "#4"},
				"down": {"uv": [9.5, 6.5, 9, 7], "texture": "#4"}
			}
		},
		{
			"from": [-5.60795, 9.0613, -1],
			"to": [-4.60795, 13.0613, 0],
			"rotation": {"angle": -45, "axis": "z", "origin": [-4, 12, 10]},
			"faces": {
				"north": {"uv": [5, 0, 5.5, 2], "texture": "#4"},
				"east": {"uv": [0.5, 5, 1, 7], "texture": "#4"},
				"south": {"uv": [1, 5, 1.5, 7], "texture": "#4"},
				"west": {"uv": [1.5, 5, 2, 7], "texture": "#4"},
				"up": {"uv": [7.5, 9.5, 7, 9], "texture": "#4"},
				"down": {"uv": [9.5, 7, 9, 7.5], "texture": "#4"}
			}
		},
		{
			"from": [9.5, 15, -2.5],
			"to": [10.5, 17, -1.5],
			"faces": {
				"north": {"uv": [4, 5, 4.5, 6], "texture": "#2"},
				"east": {"uv": [4.5, 5, 5, 6], "texture": "#2"},
				"south": {"uv": [5, 5, 5.5, 6], "texture": "#2"},
				"west": {"uv": [5.5, 5, 6, 6], "texture": "#2"},
				"up": {"uv": [5, 4.5, 4.5, 4], "texture": "#2"},
				"down": {"uv": [5.5, 4, 5, 4.5], "texture": "#2"}
			}
		},
		{
			"from": [5.5, 14, -2.5],
			"to": [14.5, 15, -1.5],
			"faces": {
				"north": {"uv": [0, 4, 4.5, 4.5], "texture": "#2"},
				"east": {"uv": [5.5, 4, 6, 4.5], "texture": "#2"},
				"south": {"uv": [4, 0, 8.5, 0.5], "texture": "#2"},
				"west": {"uv": [7, 1.5, 7.5, 2], "texture": "#2"},
				"up": {"uv": [8.5, 1, 4, 0.5], "texture": "#2"},
				"down": {"uv": [8.5, 1, 4, 1.5], "texture": "#2"}
			}
		},
		{
			"from": [10.5, 8, -4],
			"to": [14.5, 9, 0],
			"rotation": {"angle": 0, "axis": "y", "origin": [13, 9, 12]},
			"faces": {
				"north": {"uv": [4, 1.5, 6, 2], "texture": "#2"},
				"east": {"uv": [4, 2, 6, 2.5], "texture": "#2"},
				"south": {"uv": [4, 2.5, 6, 3], "texture": "#2"},
				"west": {"uv": [4, 3, 6, 3.5], "texture": "#2"},
				"up": {"uv": [2, 2, 0, 0], "texture": "#2"},
				"down": {"uv": [2, 2, 0, 4], "texture": "#2"}
			}
		},
		{
			"from": [13.5, 9, -3.75],
			"to": [14.25, 11, -3],
			"rotation": {"angle": 0, "axis": "y", "origin": [13, 9, 12]},
			"faces": {
				"north": {"uv": [6, 1.5, 6.5, 2.5], "texture": "#2"},
				"east": {"uv": [6, 2.5, 6.5, 3.5], "texture": "#2"},
				"south": {"uv": [6, 3.5, 6.5, 4.5], "texture": "#2"},
				"west": {"uv": [4, 6, 4.5, 7], "texture": "#2"},
				"up": {"uv": [7.5, 2.5, 7, 2], "texture": "#2"},
				"down": {"uv": [7.5, 2.5, 7, 3], "texture": "#2"}
			}
		},
		{
			"from": [13.5, 9, -1],
			"to": [14.25, 12, -0.25],
			"rotation": {"angle": 0, "axis": "y", "origin": [13, 9, 12]},
			"faces": {
				"north": {"uv": [0, 5, 0.5, 6.5], "texture": "#2"},
				"east": {"uv": [0.5, 5, 1, 6.5], "texture": "#2"},
				"south": {"uv": [1, 5, 1.5, 6.5], "texture": "#2"},
				"west": {"uv": [1.5, 5, 2, 6.5], "texture": "#2"},
				"up": {"uv": [7.5, 3.5, 7, 3], "texture": "#2"},
				"down": {"uv": [7.5, 3.5, 7, 4], "texture": "#2"}
			}
		},
		{
			"from": [12.5, 12, -2],
			"to": [13.5, 13, -1],
			"rotation": {"angle": 0, "axis": "y", "origin": [13, 9, 12]},
			"faces": {
				"north": {"uv": [4, 7, 4.5, 7.5], "texture": "#2"},
				"east": {"uv": [7, 4, 7.5, 4.5], "texture": "#2"},
				"south": {"uv": [4.5, 7, 5, 7.5], "texture": "#2"},
				"west": {"uv": [7, 4.5, 7.5, 5], "texture": "#2"},
				"up": {"uv": [5.5, 7.5, 5, 7], "texture": "#2"},
				"down": {"uv": [7.5, 5, 7, 5.5], "texture": "#2"}
			}
		},
		{
			"from": [12, 13, -2.75],
			"to": [13, 14, -1.75],
			"rotation": {"angle": 0, "axis": "y", "origin": [13, 9, 12]},
			"faces": {
				"north": {"uv": [5.5, 7, 6, 7.5], "texture": "#2"},
				"east": {"uv": [7, 5.5, 7.5, 6], "texture": "#2"},
				"south": {"uv": [7, 6, 7.5, 6.5], "texture": "#2"},
				"west": {"uv": [7, 6.5, 7.5, 7], "texture": "#2"},
				"up": {"uv": [7.5, 7.5, 7, 7], "texture": "#2"},
				"down": {"uv": [0.5, 7.5, 0, 8], "texture": "#2"}
			}
		},
		{
			"from": [12.5, 11, -3],
			"to": [13.5, 12, -2],
			"rotation": {"angle": 0, "axis": "y", "origin": [13, 9, 12]},
			"faces": {
				"north": {"uv": [0.5, 7.5, 1, 8], "texture": "#2"},
				"east": {"uv": [1, 7.5, 1.5, 8], "texture": "#2"},
				"south": {"uv": [1.5, 7.5, 2, 8], "texture": "#2"},
				"west": {"uv": [7.5, 1.5, 8, 2], "texture": "#2"},
				"up": {"uv": [2.5, 8, 2, 7.5], "texture": "#2"},
				"down": {"uv": [8, 2, 7.5, 2.5], "texture": "#2"}
			}
		},
		{
			"from": [10.75, 9, -1],
			"to": [11.5, 10, -0.25],
			"rotation": {"angle": 0, "axis": "y", "origin": [13, 9, 12]},
			"faces": {
				"north": {"uv": [2.5, 7.5, 3, 8], "texture": "#2"},
				"east": {"uv": [7.5, 2.5, 8, 3], "texture": "#2"},
				"south": {"uv": [3, 7.5, 3.5, 8], "texture": "#2"},
				"west": {"uv": [7.5, 3, 8, 3.5], "texture": "#2"},
				"up": {"uv": [4, 8, 3.5, 7.5], "texture": "#2"},
				"down": {"uv": [8, 3.5, 7.5, 4], "texture": "#2"}
			}
		},
		{
			"from": [10.75, 10, -2],
			"to": [11.5, 11, -1],
			"rotation": {"angle": 0, "axis": "y", "origin": [13, 9, 12]},
			"faces": {
				"north": {"uv": [4, 7.5, 4.5, 8], "texture": "#2"},
				"east": {"uv": [7.5, 4, 8, 4.5], "texture": "#2"},
				"south": {"uv": [4.5, 7.5, 5, 8], "texture": "#2"},
				"west": {"uv": [7.5, 4.5, 8, 5], "texture": "#2"},
				"up": {"uv": [5.5, 8, 5, 7.5], "texture": "#2"},
				"down": {"uv": [8, 5, 7.5, 5.5], "texture": "#2"}
			}
		},
		{
			"from": [10.75, 9, -3.5],
			"to": [11.5, 11, -3],
			"rotation": {"angle": 0, "axis": "y", "origin": [13, 9, 12]},
			"faces": {
				"north": {"uv": [4.5, 6, 5, 7], "texture": "#2"},
				"east": {"uv": [6, 4.5, 6.5, 5.5], "texture": "#2"},
				"south": {"uv": [5, 6, 5.5, 7], "texture": "#2"},
				"west": {"uv": [5.5, 6, 6, 7], "texture": "#2"},
				"up": {"uv": [6, 8, 5.5, 7.5], "texture": "#2"},
				"down": {"uv": [8, 5.5, 7.5, 6], "texture": "#2"}
			}
		},
		{
			"from": [11.5, 11, -3],
			"to": [12.5, 13, -2],
			"rotation": {"angle": 0, "axis": "y", "origin": [13, 9, 12]},
			"faces": {
				"north": {"uv": [6, 5.5, 6.5, 6.5], "texture": "#2"},
				"east": {"uv": [0, 6.5, 0.5, 7.5], "texture": "#2"},
				"south": {"uv": [0.5, 6.5, 1, 7.5], "texture": "#2"},
				"west": {"uv": [1, 6.5, 1.5, 7.5], "texture": "#2"},
				"up": {"uv": [6.5, 8, 6, 7.5], "texture": "#2"},
				"down": {"uv": [8, 6, 7.5, 6.5], "texture": "#2"}
			}
		},
		{
			"from": [5.5, 8, -4],
			"to": [9.5, 9, 0],
			"rotation": {"angle": 0, "axis": "y", "origin": [13, 9, 12]},
			"faces": {
				"north": {"uv": [4, 3.5, 6, 4], "texture": "#2"},
				"east": {"uv": [0, 4.5, 2, 5], "texture": "#2"},
				"south": {"uv": [2, 4.5, 4, 5], "texture": "#2"},
				"west": {"uv": [4, 4.5, 6, 5], "texture": "#2"},
				"up": {"uv": [4, 2, 2, 0], "texture": "#2"},
				"down": {"uv": [4, 2, 2, 4], "texture": "#2"}
			}
		},
		{
			"from": [8.5, 9, -3.75],
			"to": [9.25, 11, -3],
			"rotation": {"angle": 0, "axis": "y", "origin": [13, 9, 12]},
			"faces": {
				"north": {"uv": [1.5, 6.5, 2, 7.5], "texture": "#2"},
				"east": {"uv": [6.5, 1.5, 7, 2.5], "texture": "#2"},
				"south": {"uv": [2, 6.5, 2.5, 7.5], "texture": "#2"},
				"west": {"uv": [2.5, 6.5, 3, 7.5], "texture": "#2"},
				"up": {"uv": [7, 8, 6.5, 7.5], "texture": "#2"},
				"down": {"uv": [8, 6.5, 7.5, 7], "texture": "#2"}
			}
		},
		{
			"from": [8.5, 9, -1],
			"to": [9.25, 12, -0.25],
			"rotation": {"angle": 0, "axis": "y", "origin": [13, 9, 12]},
			"faces": {
				"north": {"uv": [2, 5, 2.5, 6.5], "texture": "#2"},
				"east": {"uv": [2.5, 5, 3, 6.5], "texture": "#2"},
				"south": {"uv": [3, 5, 3.5, 6.5], "texture": "#2"},
				"west": {"uv": [3.5, 5, 4, 6.5], "texture": "#2"},
				"up": {"uv": [7.5, 8, 7, 7.5], "texture": "#2"},
				"down": {"uv": [8, 7, 7.5, 7.5], "texture": "#2"}
			}
		},
		{
			"from": [7.5, 12, -2],
			"to": [8.5, 13, -1],
			"rotation": {"angle": 0, "axis": "y", "origin": [13, 9, 12]},
			"faces": {
				"north": {"uv": [7.5, 7.5, 8, 8], "texture": "#2"},
				"east": {"uv": [0, 8, 0.5, 8.5], "texture": "#2"},
				"south": {"uv": [0.5, 8, 1, 8.5], "texture": "#2"},
				"west": {"uv": [1, 8, 1.5, 8.5], "texture": "#2"},
				"up": {"uv": [2, 8.5, 1.5, 8], "texture": "#2"},
				"down": {"uv": [8.5, 1.5, 8, 2], "texture": "#2"}
			}
		},
		{
			"from": [7, 13, -2.75],
			"to": [8, 14, -1.75],
			"rotation": {"angle": 0, "axis": "y", "origin": [13, 9, 12]},
			"faces": {
				"north": {"uv": [2, 8, 2.5, 8.5], "texture": "#2"},
				"east": {"uv": [8, 2, 8.5, 2.5], "texture": "#2"},
				"south": {"uv": [2.5, 8, 3, 8.5], "texture": "#2"},
				"west": {"uv": [8, 2.5, 8.5, 3], "texture": "#2"},
				"up": {"uv": [3.5, 8.5, 3, 8], "texture": "#2"},
				"down": {"uv": [8.5, 3, 8, 3.5], "texture": "#2"}
			}
		},
		{
			"from": [7.5, 11, -3],
			"to": [8.5, 12, -2],
			"rotation": {"angle": 0, "axis": "y", "origin": [13, 9, 12]},
			"faces": {
				"north": {"uv": [3.5, 8, 4, 8.5], "texture": "#2"},
				"east": {"uv": [8, 3.5, 8.5, 4], "texture": "#2"},
				"south": {"uv": [4, 8, 4.5, 8.5], "texture": "#2"},
				"west": {"uv": [8, 4, 8.5, 4.5], "texture": "#2"},
				"up": {"uv": [5, 8.5, 4.5, 8], "texture": "#2"},
				"down": {"uv": [8.5, 4.5, 8, 5], "texture": "#2"}
			}
		},
		{
			"from": [5.75, 9, -1],
			"to": [6.5, 10, -0.25],
			"rotation": {"angle": 0, "axis": "y", "origin": [13, 9, 12]},
			"faces": {
				"north": {"uv": [5, 8, 5.5, 8.5], "texture": "#2"},
				"east": {"uv": [8, 5, 8.5, 5.5], "texture": "#2"},
				"south": {"uv": [5.5, 8, 6, 8.5], "texture": "#2"},
				"west": {"uv": [8, 5.5, 8.5, 6], "texture": "#2"},
				"up": {"uv": [6.5, 8.5, 6, 8], "texture": "#2"},
				"down": {"uv": [8.5, 6, 8, 6.5], "texture": "#2"}
			}
		},
		{
			"from": [5.75, 10, -2],
			"to": [6.5, 11, -1],
			"rotation": {"angle": 0, "axis": "y", "origin": [13, 9, 12]},
			"faces": {
				"north": {"uv": [6.5, 8, 7, 8.5], "texture": "#2"},
				"east": {"uv": [8, 6.5, 8.5, 7], "texture": "#2"},
				"south": {"uv": [7, 8, 7.5, 8.5], "texture": "#2"},
				"west": {"uv": [8, 7, 8.5, 7.5], "texture": "#2"},
				"up": {"uv": [8, 8.5, 7.5, 8], "texture": "#2"},
				"down": {"uv": [8.5, 7.5, 8, 8], "texture": "#2"}
			}
		},
		{
			"from": [5.75, 9, -3.5],
			"to": [6.5, 11, -3],
			"rotation": {"angle": 0, "axis": "y", "origin": [13, 9, 12]},
			"faces": {
				"north": {"uv": [6.5, 2.5, 7, 3.5], "texture": "#2"},
				"east": {"uv": [3, 6.5, 3.5, 7.5], "texture": "#2"},
				"south": {"uv": [3.5, 6.5, 4, 7.5], "texture": "#2"},
				"west": {"uv": [6.5, 3.5, 7, 4.5], "texture": "#2"},
				"up": {"uv": [8.5, 8.5, 8, 8], "texture": "#2"},
				"down": {"uv": [0.5, 8.5, 0, 9], "texture": "#2"}
			}
		},
		{
			"from": [6.5, 11, -3],
			"to": [7.5, 13, -2],
			"rotation": {"angle": 0, "axis": "y", "origin": [13, 9, 12]},
			"faces": {
				"north": {"uv": [6.5, 4.5, 7, 5.5], "texture": "#2"},
				"east": {"uv": [6.5, 5.5, 7, 6.5], "texture": "#2"},
				"south": {"uv": [6, 6.5, 6.5, 7.5], "texture": "#2"},
				"west": {"uv": [6.5, 6.5, 7, 7.5], "texture": "#2"},
				"up": {"uv": [9, 0.5, 8.5, 0], "texture": "#2"},
				"down": {"uv": [1, 8.5, 0.5, 9], "texture": "#2"}
			}
		},
		{
			"from": [-0.25, 26, -2.2],
			"to": [8.25, 28, -2],
			"faces": {
				"north": {"uv": [0, 0, 9, 2], "texture": "#3"},
				"east": {"uv": [0, 10, 1, 12], "texture": "#3"},
				"south": {"uv": [0, 2, 9, 4], "texture": "#3"},
				"west": {"uv": [10, 0, 11, 2], "texture": "#3"},
				"up": {"uv": [9, 5, 0, 4], "texture": "#3"},
				"down": {"uv": [9, 5, 0, 6], "texture": "#3"}
			}
		},
		{
			"from": [-0.25, 26, -2],
			"to": [0, 28, 2],
			"faces": {
				"north": {"uv": [1, 10, 2, 12], "texture": "#3"},
				"east": {"uv": [0, 6, 4, 8], "texture": "#3"},
				"south": {"uv": [2, 10, 3, 12], "texture": "#3"},
				"west": {"uv": [4, 6, 8, 8], "texture": "#3"},
				"up": {"uv": [9, 10, 8, 6], "texture": "#3"},
				"down": {"uv": [10, 0, 9, 4], "texture": "#3"}
			}
		},
		{
			"from": [-0.1, 26, 2],
			"to": [0, 27, 3],
			"faces": {
				"north": {"uv": [4, 10, 5, 11], "texture": "#3"},
				"east": {"uv": [10, 4, 11, 5], "texture": "#3"},
				"south": {"uv": [5, 10, 6, 11], "texture": "#3"},
				"west": {"uv": [10, 5, 11, 6], "texture": "#3"},
				"up": {"uv": [7, 11, 6, 10], "texture": "#3"},
				"down": {"uv": [11, 6, 10, 7], "texture": "#3"}
			}
		},
		{
			"from": [8, 26, 2],
			"to": [8.1, 27, 3],
			"faces": {
				"north": {"uv": [7, 10, 8, 11], "texture": "#3"},
				"east": {"uv": [10, 7, 11, 8], "texture": "#3"},
				"south": {"uv": [8, 10, 9, 11], "texture": "#3"},
				"west": {"uv": [10, 8, 11, 9], "texture": "#3"},
				"up": {"uv": [11, 10, 10, 9], "texture": "#3"},
				"down": {"uv": [11, 10, 10, 11], "texture": "#3"}
			}
		},
		{
			"from": [8, 26, -2],
			"to": [8.25, 28, 2],
			"faces": {
				"north": {"uv": [10, 2, 11, 4], "texture": "#3"},
				"east": {"uv": [0, 8, 4, 10], "texture": "#3"},
				"south": {"uv": [3, 10, 4, 12], "texture": "#3"},
				"west": {"uv": [4, 8, 8, 10], "texture": "#3"},
				"up": {"uv": [10, 8, 9, 4], "texture": "#3"},
				"down": {"uv": [10, 8, 9, 12], "texture": "#3"}
			}
		}
	],
	"display": {
		"thirdperson_righthand": {
			"translation": [1.25, 0, 3.75],
			"scale": [0.34, 0.34, 0.34]
		},
		"thirdperson_lefthand": {
			"translation": [-1.5, 0, 3.5],
			"scale": [0.34, 0.34, 0.34]
		},
		"firstperson_righthand": {
			"rotation": [-180, 42, -180],
			"translation": [0.75, 0, -4],
			"scale": [0.37, 0.37, 0.37]
		},
		"firstperson_lefthand": {
			"rotation": [-180, 42, -180],
			"translation": [1.5, 0, -2.5],
			"scale": [0.37, 0.37, 0.37]
		},
		"ground": {
			"translation": [0, 1.25, 0],
			"scale": [0.42, 0.42, 0.42]
		},
		"gui": {
			"rotation": [-180, 25, -180],
			"translation": [-1, 2.75, 0]
		},
		"head": {
			"translation": [4, 17.25, 6]
		},
		"fixed": {
			"rotation": [-90, 0, 0],
			"translation": [15.75, 23.75, -36],
			"scale": [4, 4, 4]
		}
	},
	"groups": [
		0,
		1,
		2,
		3,
		4,
		5,
		6,
		7,
		8,
		9,
		10,
		{
			"name": "Sword",
			"origin": [0, 0, 0],
			"color": 0,
			"children": [11, 12, 13, 14, 15, 16, 17, 18, 19, 20, 21, 22, 23, 24, 25, 26, 27, 28, 29, 30, 31, 32, 33, 34, 35]
		},
		{
			"name": "Ves",
			"origin": [13, 9, 12],
			"color": 0,
			"children": [36, 37, 38, 39, 40, 41, 42, 43, 44, 45, 46, 47, 48, 49, 50, 51, 52, 53, 54, 55, 56, 57]
		},
		{
			"name": "pov",
			"origin": [0, 0, 0],
			"color": 0,
			"children": [58, 59, 60, 61, 62]
		}
	]
}