{
	"parent": "item/generated",
	"textures": {
		"layer0": "item/firework_star"
	},
	"overrides": [
		{ "predicate": { "custom_model_data": 1001 }, "model": "item/femida"},
		{ "predicate": { "custom_model_data": 1002 }, "model": "item/grek"},
		{ "predicate": { "custom_model_data": 1003 }, "model": "item/guard"},
		{ "predicate": { "custom_model_data": 1004 }, "model": "item/joga"},
		{ "predicate": { "custom_model_data": 1005 }, "model": "item/rider"},
		{ "predicate": { "custom_model_data": 1006 }, "model": "item/rodina"},
		{ "predicate": { "custom_model_data": 1007 }, "model": "item/standart"}
	]
}