{
	"credit": "Made with Blockbench",
	"texture_size": [32, 32],
	"textures": {
		"0": "volos",
		"1": "fizik",
		"particle": "volos"
	},
	"elements": [
		{
			"from": [3, 6, 0],
			"to": [11, 18, 1],
			"faces": {
				"north": {"uv": [0, 0, 4, 6], "texture": "#1"},
				"east": {"uv": [6, 6, 6.5, 12], "texture": "#1"},
				"south": {"uv": [4, 0, 8, 6], "texture": "#1"},
				"west": {"uv": [6.5, 6, 7, 12], "texture": "#1"},
				"up": {"uv": [4, 7.5, 0, 7], "texture": "#1"},
				"down": {"uv": [11, 6, 7, 6.5], "texture": "#1"}
			}
		},
		{
			"from": [11, 9, 0],
			"to": [14, 11, 1],
			"faces": {
				"north": {"uv": [8, 0, 9.5, 1], "texture": "#1"},
				"east": {"uv": [5.5, 8.5, 6, 9.5], "texture": "#1"},
				"south": {"uv": [8, 1, 9.5, 2], "texture": "#1"},
				"west": {"uv": [2, 9, 2.5, 10], "texture": "#1"},
				"up": {"uv": [6, 8.5, 4.5, 8], "texture": "#1"},
				"down": {"uv": [9.5, 4.5, 8, 5], "texture": "#1"}
			}
		},
		{
			"from": [0, 9, 0],
			"to": [3, 11, 1],
			"faces": {
				"north": {"uv": [8, 2, 9.5, 3], "texture": "#1"},
				"east": {"uv": [2.5, 9, 3, 10], "texture": "#1"},
				"south": {"uv": [3, 8, 4.5, 9], "texture": "#1"},
				"west": {"uv": [3, 9, 3.5, 10], "texture": "#1"},
				"up": {"uv": [9.5, 5.5, 8, 5], "texture": "#1"},
				"down": {"uv": [9.5, 5.5, 8, 6], "texture": "#1"}
			}
		},
		{
			"from": [11, 8, 0],
			"to": [13, 9, 1],
			"faces": {
				"north": {"uv": [4.5, 8.5, 5.5, 9], "texture": "#1"},
				"east": {"uv": [8, 9, 8.5, 9.5], "texture": "#1"},
				"south": {"uv": [8, 8.5, 9, 9], "texture": "#1"},
				"west": {"uv": [9, 8, 9.5, 8.5], "texture": "#1"},
				"up": {"uv": [1, 9.5, 0, 9], "texture": "#1"},
				"down": {"uv": [2, 9, 1, 9.5], "texture": "#1"}
			}
		},
		{
			"from": [1, 8, 0],
			"to": [3, 9, 1],
			"faces": {
				"north": {"uv": [8, 8, 9, 8.5], "texture": "#1"},
				"east": {"uv": [7, 9, 7.5, 9.5], "texture": "#1"},
				"south": {"uv": [0, 8.5, 1, 9], "texture": "#1"},
				"west": {"uv": [7.5, 9, 8, 9.5], "texture": "#1"},
				"up": {"uv": [2, 9, 1, 8.5], "texture": "#1"},
				"down": {"uv": [3, 8.5, 2, 9], "texture": "#1"}
			}
		},
		{
			"from": [4, 4, 0],
			"to": [10, 6, 1],
			"rotation": {"angle": 0, "axis": "y", "origin": [7, 5, 0.5]},
			"faces": {
				"north": {"uv": [0, 6, 3, 7], "texture": "#1"},
				"east": {"uv": [7, 8, 7.5, 9], "texture": "#1"},
				"south": {"uv": [3, 6, 6, 7], "texture": "#1"},
				"west": {"uv": [7.5, 8, 8, 9], "texture": "#1"},
				"up": {"uv": [10, 8, 7, 7.5], "texture": "#1"},
				"down": {"uv": [3, 8, 0, 8.5], "texture": "#1"}
			}
		},
		{
			"from": [5, 3, 0],
			"to": [9, 4, 1],
			"faces": {
				"north": {"uv": [4, 7, 6, 7.5], "texture": "#1"},
				"east": {"uv": [3.5, 9, 4, 9.5], "texture": "#1"},
				"south": {"uv": [8, 3, 10, 3.5], "texture": "#1"},
				"west": {"uv": [4, 9, 4.5, 9.5], "texture": "#1"},
				"up": {"uv": [10, 4, 8, 3.5], "texture": "#1"},
				"down": {"uv": [10, 4, 8, 4.5], "texture": "#1"}
			}
		},
		{
			"from": [4, 18, 0],
			"to": [10, 19, 1],
			"faces": {
				"north": {"uv": [7, 6.5, 10, 7], "texture": "#1"},
				"east": {"uv": [4.5, 9, 5, 9.5], "texture": "#1"},
				"south": {"uv": [7, 7, 10, 7.5], "texture": "#1"},
				"west": {"uv": [5, 9, 5.5, 9.5], "texture": "#1"},
				"up": {"uv": [3, 8, 0, 7.5], "texture": "#1"},
				"down": {"uv": [6, 7.5, 3, 8], "texture": "#1"}
			}
		},
		{
			"from": [2.8, 15, 1],
			"to": [7, 16, 1.3],
			"faces": {
				"north": {"uv": [0, 8, 4, 9], "texture": "#0"},
				"east": {"uv": [8, 9, 9, 10], "texture": "#0"},
				"south": {"uv": [8, 0, 12, 1], "texture": "#0"},
				"west": {"uv": [9, 9, 10, 10], "texture": "#0"},
				"up": {"uv": [12, 2, 8, 1], "texture": "#0"},
				"down": {"uv": [12, 2, 8, 3], "texture": "#0"}
			}
		},
		{
			"from": [2.8, 14, 1],
			"to": [5.2, 15, 1.3],
			"faces": {
				"north": {"uv": [8, 3, 10, 4], "texture": "#0"},
				"east": {"uv": [0, 10, 1, 11], "texture": "#0"},
				"south": {"uv": [4, 8, 6, 9], "texture": "#0"},
				"west": {"uv": [1, 10, 2, 11], "texture": "#0"},
				"up": {"uv": [8, 9, 6, 8], "texture": "#0"},
				"down": {"uv": [10, 8, 8, 9], "texture": "#0"}
			}
		},
		{
			"from": [2.8, 16, 1],
			"to": [11.2, 17, 1.3],
			"faces": {
				"north": {"uv": [0, 0, 8, 1], "texture": "#0"},
				"east": {"uv": [2, 10, 3, 11], "texture": "#0"},
				"south": {"uv": [0, 1, 8, 2], "texture": "#0"},
				"west": {"uv": [3, 10, 4, 11], "texture": "#0"},
				"up": {"uv": [8, 3, 0, 2], "texture": "#0"},
				"down": {"uv": [8, 3, 0, 4], "texture": "#0"}
			}
		},
		{
			"from": [3.7, 17, 1],
			"to": [10.3, 18, 1.3],
			"faces": {
				"north": {"uv": [0, 4, 7, 5], "texture": "#0"},
				"east": {"uv": [10, 3, 11, 4], "texture": "#0"},
				"south": {"uv": [0, 5, 7, 6], "texture": "#0"},
				"west": {"uv": [4, 10, 5, 11], "texture": "#0"},
				"up": {"uv": [7, 7, 0, 6], "texture": "#0"},
				"down": {"uv": [7, 7, 0, 8], "texture": "#0"}
			}
		},
		{
			"from": [4.7, 18, 1],
			"to": [9.3, 19, 1.3],
			"faces": {
				"north": {"uv": [7, 4, 12, 5], "texture": "#0"},
				"east": {"uv": [5, 10, 6, 11], "texture": "#0"},
				"south": {"uv": [7, 5, 12, 6], "texture": "#0"},
				"west": {"uv": [6, 10, 7, 11], "texture": "#0"},
				"up": {"uv": [12, 7, 7, 6], "texture": "#0"},
				"down": {"uv": [12, 7, 7, 8], "texture": "#0"}
			}
		},
		{
			"from": [9.3, 15, 1],
			"to": [11.2, 16, 1.3],
			"faces": {
				"north": {"uv": [0, 9, 2, 10], "texture": "#0"},
				"east": {"uv": [7, 10, 8, 11], "texture": "#0"},
				"south": {"uv": [2, 9, 4, 10], "texture": "#0"},
				"west": {"uv": [8, 10, 9, 11], "texture": "#0"},
				"up": {"uv": [6, 10, 4, 9], "texture": "#0"},
				"down": {"uv": [8, 9, 6, 10], "texture": "#0"}
			}
		},
		{
			"from": [10.2, 14, 1],
			"to": [11.2, 15, 1.3],
			"faces": {
				"north": {"uv": [10, 8, 11, 9], "texture": "#0"},
				"east": {"uv": [9, 10, 10, 11], "texture": "#0"},
				"south": {"uv": [10, 9, 11, 10], "texture": "#0"},
				"west": {"uv": [10, 10, 11, 11], "texture": "#0"},
				"up": {"uv": [1, 12, 0, 11], "texture": "#0"},
				"down": {"uv": [2, 11, 1, 12], "texture": "#0"}
			}
		}
	],
	"display": {
		"thirdperson_righthand": {
			"translation": [0.5, 2, 5],
			"scale": [0.61, 0.61, 0.61]
		},
		"thirdperson_lefthand": {
			"translation": [-0.5, 2, 5.75],
			"scale": [0.61, 0.61, 0.61]
		},
		"firstperson_righthand": {
			"rotation": [-10.17, -52.35, -2.63],
			"translation": [0.75, -2, -2]
		},
		"firstperson_lefthand": {
			"rotation": [-10.33, -53.12, -2.83],
			"translation": [0.75, -2, -3.75]
		},
		"ground": {
			"rotation": [0, -19, 0],
			"translation": [0, 0, 5.25],
			"scale": [0.67, 0.67, 0.67]
		},
		"gui": {
			"translation": [1, -3, 0],
			"scale": [0.94, 0.94, 0.94]
		},
		"fixed": {
			"rotation": [0, -180, 0],
			"translation": [-1, -2.75, -7.75]
		}
	},
	"groups": [
		0,
		1,
		2,
		3,
		4,
		5,
		6,
		7,
		{
			"name": "group",
			"origin": [8, 8, 8],
			"color": 0,
			"children": [8, 9, 10, 11, 12, 13, 14]
		}
	]
}