{
	"credit": "Made with Blockbench",
	"textures": {
		"0": "fru",
		"1": "nimb",
		"particle": "fru"
	},
	"elements": [
		{
			"from": [3, 6, 0],
			"to": [11, 17, 1],
			"faces": {
				"north": {"uv": [0, 0, 4, 5.5], "texture": "#0"},
				"east": {"uv": [6, 5.5, 6.5, 11], "texture": "#0"},
				"south": {"uv": [4, 0, 8, 5.5], "texture": "#0"},
				"west": {"uv": [0, 6.5, 0.5, 12], "texture": "#0"},
				"up": {"uv": [4.5, 7, 0.5, 6.5], "texture": "#0"},
				"down": {"uv": [10.5, 5.5, 6.5, 6], "texture": "#0"}
			}
		},
		{
			"from": [11, 9, 0],
			"to": [14, 11, 1],
			"faces": {
				"north": {"uv": [4.5, 6.5, 6, 7.5], "texture": "#0"},
				"east": {"uv": [5.5, 7.5, 6, 8.5], "texture": "#0"},
				"south": {"uv": [6.5, 6, 8, 7], "texture": "#0"},
				"west": {"uv": [8, 4.5, 8.5, 5.5], "texture": "#0"},
				"up": {"uv": [9.5, 3.5, 8, 3], "texture": "#0"},
				"down": {"uv": [5, 8, 3.5, 8.5], "texture": "#0"}
			}
		},
		{
			"from": [0, 9, 0],
			"to": [3, 11, 1],
			"faces": {
				"north": {"uv": [0.5, 7, 2, 8], "texture": "#0"},
				"east": {"uv": [5, 8, 5.5, 9], "texture": "#0"},
				"south": {"uv": [2, 7, 3.5, 8], "texture": "#0"},
				"west": {"uv": [8, 6, 8.5, 7], "texture": "#0"},
				"up": {"uv": [9.5, 4, 8, 3.5], "texture": "#0"},
				"down": {"uv": [9.5, 4, 8, 4.5], "texture": "#0"}
			}
		},
		{
			"from": [11, 8, 0],
			"to": [13, 9, 1],
			"faces": {
				"north": {"uv": [3.5, 7, 4.5, 7.5], "texture": "#0"},
				"east": {"uv": [8.5, 5, 9, 5.5], "texture": "#0"},
				"south": {"uv": [6.5, 8, 7.5, 8.5], "texture": "#0"},
				"west": {"uv": [8.5, 6, 9, 6.5], "texture": "#0"},
				"up": {"uv": [8.5, 8.5, 7.5, 8], "texture": "#0"},
				"down": {"uv": [1.5, 8.5, 0.5, 9], "texture": "#0"}
			}
		},
		{
			"from": [1, 8, 0],
			"to": [3, 9, 1],
			"faces": {
				"north": {"uv": [1.5, 8.5, 2.5, 9], "texture": "#0"},
				"east": {"uv": [6.5, 8.5, 7, 9], "texture": "#0"},
				"south": {"uv": [2.5, 8.5, 3.5, 9], "texture": "#0"},
				"west": {"uv": [8.5, 6.5, 9, 7], "texture": "#0"},
				"up": {"uv": [4.5, 9, 3.5, 8.5], "texture": "#0"},
				"down": {"uv": [9.5, 4.5, 8.5, 5], "texture": "#0"}
			}
		},
		{
			"from": [4, 4, 0],
			"to": [10, 6, 1],
			"rotation": {"angle": 0, "axis": "y", "origin": [7, 5, 0.5]},
			"faces": {
				"north": {"uv": [0, 5.5, 3, 6.5], "texture": "#0"},
				"east": {"uv": [4.5, 8.5, 5, 9.5], "texture": "#0"},
				"south": {"uv": [3, 5.5, 6, 6.5], "texture": "#0"},
				"west": {"uv": [5.5, 8.5, 6, 9.5], "texture": "#0"},
				"up": {"uv": [9.5, 7.5, 6.5, 7], "texture": "#0"},
				"down": {"uv": [9.5, 7.5, 6.5, 8], "texture": "#0"}
			}
		},
		{
			"from": [5, 3, 0],
			"to": [9, 4, 1],
			"faces": {
				"north": {"uv": [3.5, 7.5, 5.5, 8], "texture": "#0"},
				"east": {"uv": [7, 8.5, 7.5, 9], "texture": "#0"},
				"south": {"uv": [8, 1.5, 10, 2], "texture": "#0"},
				"west": {"uv": [7.5, 8.5, 8, 9], "texture": "#0"},
				"up": {"uv": [10, 2.5, 8, 2], "texture": "#0"},
				"down": {"uv": [10, 2.5, 8, 3], "texture": "#0"}
			}
		},
		{
			"from": [4, 17, 0],
			"to": [10, 17.6, 1],
			"faces": {
				"north": {"uv": [8, 0, 11, 0.5], "texture": "#0"},
				"east": {"uv": [8, 8.5, 8.5, 9], "texture": "#0"},
				"south": {"uv": [0.5, 8, 3.5, 8.5], "texture": "#0"},
				"west": {"uv": [8.5, 8, 9, 8.5], "texture": "#0"},
				"up": {"uv": [11, 1, 8, 0.5], "texture": "#0"},
				"down": {"uv": [11, 1, 8, 1.5], "texture": "#0"}
			}
		},
		{
			"from": [3.6, 18, -0.1],
			"to": [10.5, 18.3, 1.1],
			"faces": {
				"north": {"uv": [0, 0, 7, 1], "texture": "#1"},
				"east": {"uv": [0, 4, 1, 5], "texture": "#1"},
				"south": {"uv": [0, 1, 7, 2], "texture": "#1"},
				"west": {"uv": [1, 4, 2, 5], "texture": "#1"},
				"up": {"uv": [7, 3, 0, 2], "texture": "#1"},
				"down": {"uv": [7, 3, 0, 4], "texture": "#1"}
			}
		}
	],
	"display": {
		"thirdperson_righthand": {
			"translation": [0.5, 2, 5],
			"scale": [0.61, 0.61, 0.61]
		},
		"thirdperson_lefthand": {
			"translation": [-0.5, 2, 5.75],
			"scale": [0.61, 0.61, 0.61]
		},
		"firstperson_righthand": {
			"rotation": [-10.17, -52.35, -2.63],
			"translation": [0.75, -2, -2]
		},
		"firstperson_lefthand": {
			"rotation": [-10.33, -53.12, -2.83],
			"translation": [0.75, -2, -3.75]
		},
		"ground": {
			"rotation": [0, -19, 0],
			"translation": [0, 0, 5.25],
			"scale": [0.67, 0.67, 0.67]
		},
		"gui": {
			"translation": [1, -3, 0],
			"scale": [0.94, 0.94, 0.94]
		},
		"fixed": {
			"rotation": [0, -180, 0],
			"translation": [-1, -2.75, -7.75]
		}
	}
}