{
	"credit": "Made with Blockbench",
	"texture_size": [32, 32],
	"textures": {
		"0": "A",
		"1": "fund",
		"2": "disk",
		"particle": "A"
	},
	"elements": [
		{
			"from": [0, -6, 9],
			"to": [4, 0, 13],
			"rotation": {"angle": -45, "axis": "x", "origin": [2, -8, 5]},
			"faces": {
				"north": {"uv": [5, 14.5, 6, 16], "texture": "#0"},
				"east": {"uv": [4, 14.5, 5, 16], "texture": "#0"},
				"south": {"uv": [7, 14.5, 8, 16], "texture": "#0"},
				"west": {"uv": [6, 14.5, 7, 16], "texture": "#0"},
				"up": {"uv": [5, 12, 6, 13], "texture": "#0"},
				"down": {"uv": [6, 12, 7, 13], "texture": "#0"}
			}
		},
		{
			"from": [0, 1, 3],
			"to": [4, 7, 7],
			"rotation": {"angle": 22.5, "axis": "x", "origin": [2, 4, 5]},
			"faces": {
				"north": {"uv": [5, 13, 6, 14.5], "texture": "#0"},
				"east": {"uv": [4, 13, 5, 14.5], "texture": "#0"},
				"south": {"uv": [7, 13, 8, 14.5], "texture": "#0"},
				"west": {"uv": [6, 13, 7, 14.5], "texture": "#0"},
				"up": {"uv": [5, 12, 6, 13], "texture": "#0"},
				"down": {"uv": [5, 12, 6, 13], "texture": "#0"}
			}
		},
		{
			"from": [4, -3, 1],
			"to": [8, 3, 5],
			"rotation": {"angle": 0, "axis": "y", "origin": [6, -8, 5]},
			"faces": {
				"north": {"uv": [1, 6.5, 2, 8], "texture": "#0"},
				"east": {"uv": [0, 6.5, 1, 8], "texture": "#0"},
				"south": {"uv": [3, 6.5, 4, 8], "texture": "#0"},
				"west": {"uv": [2, 6.5, 3, 8], "texture": "#0"},
				"up": {"uv": [1, 4, 2, 5], "texture": "#0"},
				"down": {"uv": [2, 4, 3, 5], "texture": "#0"}
			}
		},
		{
			"from": [4, 2, 3],
			"to": [8, 8, 7],
			"rotation": {"angle": 45, "axis": "x", "origin": [6, 5, 5]},
			"faces": {
				"north": {"uv": [1, 5, 2, 6.5], "texture": "#0"},
				"east": {"uv": [0, 5, 1, 6.5], "texture": "#0"},
				"south": {"uv": [3, 5, 4, 6.5], "texture": "#0"},
				"west": {"uv": [2, 5, 3, 6.5], "texture": "#0"},
				"up": {"uv": [1, 4, 2, 5], "texture": "#0"},
				"down": {"uv": [1, 4, 2, 5], "texture": "#0"}
			}
		},
		{
			"from": [7, 16, 5.95],
			"to": [11, 20, 11.95],
			"rotation": {"angle": 22.5, "axis": "y", "origin": [10, 7, 3]},
			"faces": {
				"north": {"uv": [12, 5.5, 13, 6.5], "rotation": 180, "texture": "#0"},
				"east": {"uv": [10, 6.5, 11, 8], "rotation": 90, "texture": "#0"},
				"south": {"uv": [12.025, 4.05, 13, 5], "texture": "#0"},
				"west": {"uv": [12, 6.5, 13, 8], "rotation": 270, "texture": "#0"},
				"up": {"uv": [13, 6.5, 14, 8], "texture": "#0"},
				"down": {"uv": [11, 6.5, 12, 8], "rotation": 180, "texture": "#0"}
			}
		},
		{
			"from": [8, 13, 2],
			"to": [12, 17, 8],
			"rotation": {"angle": -45, "axis": "x", "origin": [10, 15, 3]},
			"faces": {
				"north": {"uv": [11, 4, 12, 5], "rotation": 180, "texture": "#0"},
				"east": {"uv": [10, 5, 11, 6.5], "rotation": 90, "texture": "#0"},
				"south": {"uv": [11, 5.5, 12, 6.5], "texture": "#0"},
				"west": {"uv": [12, 5, 13, 6.5], "rotation": 270, "texture": "#0"},
				"up": {"uv": [13, 5, 14, 6.5], "texture": "#0"},
				"down": {"uv": [11, 5, 12, 6.5], "rotation": 180, "texture": "#0"}
			}
		},
		{
			"from": [-3, 5, -1],
			"to": [1, 11, 3],
			"rotation": {"angle": 45, "axis": "z", "origin": [-2, 9, 4]},
			"faces": {
				"north": {"uv": [9, 14.5, 10, 16], "texture": "#0"},
				"east": {"uv": [8, 14.5, 9, 16], "texture": "#0"},
				"south": {"uv": [11, 14.5, 12, 16], "texture": "#0"},
				"west": {"uv": [10, 14.5, 11, 16], "texture": "#0"},
				"up": {"uv": [9, 13.5, 10, 14.5], "texture": "#0"},
				"down": {"uv": [10, 12, 11, 13], "texture": "#0"}
			}
		},
		{
			"from": [-4, 10, 1],
			"to": [0, 16, 5],
			"rotation": {"angle": 22.5, "axis": "x", "origin": [-2, 17, 4]},
			"faces": {
				"north": {"uv": [9, 13, 10, 14.5], "texture": "#0"},
				"east": {"uv": [8, 13.025, 9, 14.525], "texture": "#0"},
				"south": {"uv": [11, 13.025, 12, 14.525], "texture": "#0"},
				"west": {"uv": [10, 13, 11, 14.5], "texture": "#0"},
				"up": {"uv": [9, 12, 10, 13], "texture": "#0"},
				"down": {"uv": [9, 13.525, 10, 14.525], "texture": "#0"}
			}
		},
		{
			"from": [0, 5, 3],
			"to": [8, 17, 7],
			"rotation": {"angle": -22.5, "axis": "x", "origin": [4, 10, 2]},
			"faces": {
				"north": {"uv": [5, 5, 7, 8], "texture": "#0"},
				"east": {"uv": [4, 5, 5, 8], "texture": "#0"},
				"south": {"uv": [8, 5, 10, 8], "texture": "#0"},
				"west": {"uv": [7, 5, 8, 8], "texture": "#0"},
				"up": {"uv": [5, 4, 7, 5], "rotation": 180, "texture": "#0"},
				"down": {"uv": [7, 4, 9, 5], "texture": "#0"}
			}
		},
		{
			"from": [0, 15, -3.25],
			"to": [8, 23, 4.75],
			"rotation": {"angle": 45, "axis": "x", "origin": [4, 21, 2]},
			"faces": {
				"north": {"uv": [2, 0, 4, 2], "rotation": 180, "texture": "#0"},
				"east": {"uv": [0, 2, 2, 4], "rotation": 90, "texture": "#0"},
				"south": {"uv": [4, 0, 6, 2], "texture": "#0"},
				"west": {"uv": [4, 2, 6, 4], "rotation": 270, "texture": "#0"},
				"up": {"uv": [6, 2, 8, 4], "texture": "#0"},
				"down": {"uv": [2, 2, 4, 4], "rotation": 180, "texture": "#0"}
			}
		},
		{
			"from": [-2, -6, -4],
			"to": [10, -3, 8],
			"rotation": {"angle": 0, "axis": "y", "origin": [0, -3, 0]},
			"faces": {
				"north": {"uv": [6, 0, 12, 1.5], "texture": "#1"},
				"east": {"uv": [6, 1.5, 12, 3], "texture": "#1"},
				"south": {"uv": [6, 3, 12, 4.5], "texture": "#1"},
				"west": {"uv": [6, 4.5, 12, 6], "texture": "#1"},
				"up": {"uv": [6, 6, 0, 0], "texture": "#1"},
				"down": {"uv": [6, 6, 0, 12], "texture": "#1"}
			}
		},
		{
			"from": [11, 17, 7],
			"to": [16, 18, 8],
			"rotation": {"angle": 0, "axis": "y", "origin": [0, 2, 5]},
			"faces": {
				"north": {"uv": [3.5, 2, 6, 2.5], "texture": "#2"},
				"east": {"uv": [4.5, 6.5, 5, 7], "texture": "#2"},
				"south": {"uv": [3.5, 2.5, 6, 3], "texture": "#2"},
				"west": {"uv": [5, 6.5, 5.5, 7], "texture": "#2"},
				"up": {"uv": [6, 3.5, 3.5, 3], "texture": "#2"},
				"down": {"uv": [6, 3.5, 3.5, 4], "texture": "#2"}
			}
		},
		{
			"from": [11, 17, 15],
			"to": [16, 18, 16],
			"rotation": {"angle": 0, "axis": "y", "origin": [0, 2, 5]},
			"faces": {
				"north": {"uv": [3.5, 4, 6, 4.5], "texture": "#2"},
				"east": {"uv": [5.5, 6.5, 6, 7], "texture": "#2"},
				"south": {"uv": [3.5, 4.5, 6, 5], "texture": "#2"},
				"west": {"uv": [6, 6.5, 6.5, 7], "texture": "#2"},
				"up": {"uv": [6, 5.5, 3.5, 5], "texture": "#2"},
				"down": {"uv": [6, 5.5, 3.5, 6], "texture": "#2"}
			}
		},
		{
			"from": [17, 17, 9],
			"to": [18, 18, 14],
			"rotation": {"angle": 0, "axis": "y", "origin": [0, 2, 5]},
			"faces": {
				"north": {"uv": [6.5, 6, 7, 6.5], "texture": "#2"},
				"east": {"uv": [6, 2, 8.5, 2.5], "texture": "#2"},
				"south": {"uv": [6.5, 6.5, 7, 7], "texture": "#2"},
				"west": {"uv": [6, 2.5, 8.5, 3], "texture": "#2"},
				"up": {"uv": [6.5, 5.5, 6, 3], "texture": "#2"},
				"down": {"uv": [4, 6, 3.5, 8.5], "texture": "#2"}
			}
		},
		{
			"from": [9, 17, 9],
			"to": [10, 18, 14],
			"rotation": {"angle": 0, "axis": "y", "origin": [0, 2, 5]},
			"faces": {
				"north": {"uv": [0, 7, 0.5, 7.5], "texture": "#2"},
				"east": {"uv": [4, 6, 6.5, 6.5], "texture": "#2"},
				"south": {"uv": [7, 0, 7.5, 0.5], "texture": "#2"},
				"west": {"uv": [6, 5.5, 8.5, 6], "texture": "#2"},
				"up": {"uv": [7, 5.5, 6.5, 3], "texture": "#2"},
				"down": {"uv": [4.5, 6.5, 4, 9], "texture": "#2"}
			}
		},
		{
			"from": [10, 17, 8],
			"to": [17, 18, 15],
			"rotation": {"angle": 0, "axis": "y", "origin": [0, 2, 5]},
			"faces": {
				"north": {"uv": [3.5, 0, 7, 0.5], "texture": "#2"},
				"east": {"uv": [3.5, 0.5, 7, 1], "texture": "#2"},
				"south": {"uv": [3.5, 1, 7, 1.5], "texture": "#2"},
				"west": {"uv": [3.5, 1.5, 7, 2], "texture": "#2"},
				"up": {"uv": [3.5, 3.5, 0, 0], "texture": "#2"},
				"down": {"uv": [3.5, 3.5, 0, 7], "texture": "#2"}
			}
		}
	],
	"display": {
		"thirdperson_righthand": {
			"translation": [1.25, 1.25, 3.75],
			"scale": [0.34, 0.34, 0.34]
		},
		"thirdperson_lefthand": {
			"translation": [-1.5, 1.75, 3.75],
			"scale": [0.34, 0.34, 0.34]
		},
		"firstperson_righthand": {
			"rotation": [-180, 42, -180],
			"translation": [0.75, 3, -4],
			"scale": [0.37, 0.37, 0.37]
		},
		"firstperson_lefthand": {
			"rotation": [-180, 42, -180],
			"translation": [1.5, 3.25, -2.5],
			"scale": [0.37, 0.37, 0.37]
		},
		"ground": {
			"translation": [0, 2.25, 0],
			"scale": [0.42, 0.42, 0.42]
		},
		"gui": {
			"rotation": [-180, -40.25, -180],
			"translation": [-6.75, 5.25, 0]
		},
		"head": {
			"translation": [4, 19.75, 6]
		},
		"fixed": {
			"rotation": [-90, 0, 0],
			"translation": [15.75, 23.75, -50.25],
			"scale": [4, 4, 4]
		}
	},
	"groups": [
		0,
		1,
		2,
		3,
		4,
		5,
		6,
		7,
		8,
		9,
		10,
		{
			"name": "disk",
			"origin": [0, 0, 0],
			"color": 0,
			"children": [11, 12, 13, 14, 15]
		}
	]
}