{
	"credit": "Made with Blockbench",
	"texture_size": [32, 32],
	"textures": {
		"0": "A",
		"1": "fund",
		"2": "sword",
		"particle": "A"
	},
	"elements": [
		{
			"from": [0, 0, 12],
			"to": [4, 6, 16],
			"rotation": {"angle": 0, "axis": "y", "origin": [2, 5, 14]},
			"faces": {
				"north": {"uv": [5, 14.5, 6, 16], "texture": "#0"},
				"east": {"uv": [4, 14.5, 5, 16], "texture": "#0"},
				"south": {"uv": [7, 14.5, 8, 16], "texture": "#0"},
				"west": {"uv": [6, 14.5, 7, 16], "texture": "#0"},
				"up": {"uv": [5, 12, 6, 13], "texture": "#0"},
				"down": {"uv": [6, 12, 7, 13], "texture": "#0"}
			}
		},
		{
			"from": [0, 6, 12],
			"to": [4, 12, 16],
			"rotation": {"angle": 0, "axis": "y", "origin": [2, 11, 14]},
			"faces": {
				"north": {"uv": [5, 13, 6, 14.5], "texture": "#0"},
				"east": {"uv": [4, 13, 5, 14.5], "texture": "#0"},
				"south": {"uv": [7, 13, 8, 14.5], "texture": "#0"},
				"west": {"uv": [6, 13, 7, 14.5], "texture": "#0"},
				"up": {"uv": [5, 12, 6, 13], "texture": "#0"},
				"down": {"uv": [5, 12, 6, 13], "texture": "#0"}
			}
		},
		{
			"from": [4, 0, 12],
			"to": [8, 6, 16],
			"rotation": {"angle": 0, "axis": "y", "origin": [6, 5, 14]},
			"faces": {
				"north": {"uv": [1, 6.5, 2, 8], "texture": "#0"},
				"east": {"uv": [0, 6.5, 1, 8], "texture": "#0"},
				"south": {"uv": [3, 6.5, 4, 8], "texture": "#0"},
				"west": {"uv": [2, 6.5, 3, 8], "texture": "#0"},
				"up": {"uv": [1, 4, 2, 5], "texture": "#0"},
				"down": {"uv": [2, 4, 3, 5], "texture": "#0"}
			}
		},
		{
			"from": [4, 6, 12],
			"to": [8, 12, 16],
			"rotation": {"angle": 0, "axis": "y", "origin": [6, 11, 14]},
			"faces": {
				"north": {"uv": [1, 5, 2, 6.5], "texture": "#0"},
				"east": {"uv": [0, 5, 1, 6.5], "texture": "#0"},
				"south": {"uv": [3, 5, 4, 6.5], "texture": "#0"},
				"west": {"uv": [2, 5, 3, 6.5], "texture": "#0"},
				"up": {"uv": [1, 4, 2, 5], "texture": "#0"},
				"down": {"uv": [1, 4, 2, 5], "texture": "#0"}
			}
		},
		{
			"from": [7, 13.05, 8],
			"to": [11, 19.05, 12],
			"rotation": {"angle": -45, "axis": "z", "origin": [10, 17, 14]},
			"faces": {
				"north": {"uv": [11, 6.5, 12, 8], "texture": "#0"},
				"east": {"uv": [10, 6.5, 11, 8], "texture": "#0"},
				"south": {"uv": [13, 6.5, 14, 8], "texture": "#0"},
				"west": {"uv": [12, 6.5, 13, 8], "texture": "#0"},
				"up": {"uv": [12, 5.5, 13, 6.5], "texture": "#0"},
				"down": {"uv": [12.025, 4.05, 13, 5], "texture": "#0"}
			}
		},
		{
			"from": [8, 18, 12],
			"to": [12, 24, 16],
			"rotation": {"angle": 45, "axis": "x", "origin": [10, 23, 14]},
			"faces": {
				"north": {"uv": [11, 5, 12, 6.5], "texture": "#0"},
				"east": {"uv": [10, 5, 11, 6.5], "texture": "#0"},
				"south": {"uv": [13, 5, 14, 6.5], "texture": "#0"},
				"west": {"uv": [12, 5, 13, 6.5], "texture": "#0"},
				"up": {"uv": [11, 4, 12, 5], "texture": "#0"},
				"down": {"uv": [11, 5.5, 12, 6.5], "texture": "#0"}
			}
		},
		{
			"from": [-3, 13, 8],
			"to": [1, 19, 12],
			"rotation": {"angle": 45, "axis": "z", "origin": [-2, 17, 14]},
			"faces": {
				"north": {"uv": [9, 14.5, 10, 16], "texture": "#0"},
				"east": {"uv": [8, 14.5, 9, 16], "texture": "#0"},
				"south": {"uv": [11, 14.5, 12, 16], "texture": "#0"},
				"west": {"uv": [10, 14.5, 11, 16], "texture": "#0"},
				"up": {"uv": [9, 13.5, 10, 14.5], "texture": "#0"},
				"down": {"uv": [10, 12, 11, 13], "texture": "#0"}
			}
		},
		{
			"from": [-4, 18, 12],
			"to": [0, 24, 16],
			"rotation": {"angle": 45, "axis": "x", "origin": [-2, 23, 14]},
			"faces": {
				"north": {"uv": [9, 13, 10, 14.5], "texture": "#0"},
				"east": {"uv": [8, 13.025, 9, 14.525], "texture": "#0"},
				"south": {"uv": [11, 13.025, 12, 14.525], "texture": "#0"},
				"west": {"uv": [10, 13, 11, 14.5], "texture": "#0"},
				"up": {"uv": [9, 12, 10, 13], "texture": "#0"},
				"down": {"uv": [9, 13.525, 10, 14.525], "texture": "#0"}
			}
		},
		{
			"from": [0, 12, 12],
			"to": [8, 24, 16],
			"rotation": {"angle": 0, "axis": "y", "origin": [4, 19, 14]},
			"faces": {
				"north": {"uv": [5, 5, 7, 8], "texture": "#0"},
				"east": {"uv": [4, 5, 5, 8], "texture": "#0"},
				"south": {"uv": [8, 5, 10, 8], "texture": "#0"},
				"west": {"uv": [7, 5, 8, 8], "texture": "#0"},
				"up": {"uv": [5, 4, 7, 5], "rotation": 180, "texture": "#0"},
				"down": {"uv": [7, 4, 9, 5], "texture": "#0"}
			}
		},
		{
			"from": [0, 24, 10],
			"to": [8, 32, 18],
			"rotation": {"angle": 0, "axis": "y", "origin": [4, 25, 14]},
			"faces": {
				"north": {"uv": [2, 2, 4, 4], "texture": "#0"},
				"east": {"uv": [0, 2, 2, 4], "texture": "#0"},
				"south": {"uv": [6, 2, 8, 4], "texture": "#0"},
				"west": {"uv": [4, 2, 6, 4], "texture": "#0"},
				"up": {"uv": [2, 0, 4, 2], "texture": "#0"},
				"down": {"uv": [4, 0, 6, 2], "texture": "#0"}
			}
		},
		{
			"from": [-2, -3, 8],
			"to": [10, 0, 20],
			"rotation": {"angle": 0, "axis": "y", "origin": [0, 0, 12]},
			"faces": {
				"north": {"uv": [6, 0, 12, 1.5], "texture": "#1"},
				"east": {"uv": [6, 1.5, 12, 3], "texture": "#1"},
				"south": {"uv": [6, 3, 12, 4.5], "texture": "#1"},
				"west": {"uv": [6, 4.5, 12, 6], "texture": "#1"},
				"up": {"uv": [6, 6, 0, 0], "texture": "#1"},
				"down": {"uv": [6, 6, 0, 12], "texture": "#1"}
			}
		},
		{
			"from": [2.68495, 17.45469, 10],
			"to": [5.68495, 20.45469, 11],
			"rotation": {"angle": -45, "axis": "z", "origin": [4, 19, 10]},
			"faces": {
				"north": {"uv": [0, 0, 1.5, 1.5], "texture": "#2"},
				"east": {"uv": [5, 2, 5.5, 3.5], "texture": "#2"},
				"south": {"uv": [0, 1.5, 1.5, 3], "texture": "#2"},
				"west": {"uv": [5, 3.5, 5.5, 5], "texture": "#2"},
				"up": {"uv": [6.5, 5.5, 5, 5], "texture": "#2"},
				"down": {"uv": [7, 0, 5.5, 0.5], "texture": "#2"}
			}
		},
		{
			"from": [4.68495, 16.45469, 10],
			"to": [5.68495, 17.45469, 11],
			"rotation": {"angle": -45, "axis": "z", "origin": [4, 19, 10]},
			"faces": {
				"north": {"uv": [8, 5.5, 8.5, 6], "texture": "#2"},
				"east": {"uv": [6, 8, 6.5, 8.5], "texture": "#2"},
				"south": {"uv": [8, 6, 8.5, 6.5], "texture": "#2"},
				"west": {"uv": [6.5, 8, 7, 8.5], "texture": "#2"},
				"up": {"uv": [8.5, 7, 8, 6.5], "texture": "#2"},
				"down": {"uv": [8.5, 7, 8, 7.5], "texture": "#2"}
			}
		},
		{
			"from": [11.68495, 12.45469, 10],
			"to": [12.68495, 13.45469, 11],
			"rotation": {"angle": -45, "axis": "z", "origin": [4, 19, 10]},
			"faces": {
				"north": {"uv": [8, 7.5, 8.5, 8], "texture": "#2"},
				"east": {"uv": [8, 8, 8.5, 8.5], "texture": "#2"},
				"south": {"uv": [0, 8.5, 0.5, 9], "texture": "#2"},
				"west": {"uv": [8.5, 0, 9, 0.5], "texture": "#2"},
				"up": {"uv": [9, 1, 8.5, 0.5], "texture": "#2"},
				"down": {"uv": [2, 8.5, 1.5, 9], "texture": "#2"}
			}
		},
		{
			"from": [11.68495, 11.45469, 10],
			"to": [13.68495, 12.45469, 11],
			"rotation": {"angle": -45, "axis": "z", "origin": [4, 19, 10]},
			"faces": {
				"north": {"uv": [7, 0, 8, 0.5], "texture": "#2"},
				"east": {"uv": [8.5, 1.5, 9, 2], "texture": "#2"},
				"south": {"uv": [0.5, 7, 1.5, 7.5], "texture": "#2"},
				"west": {"uv": [2, 8.5, 2.5, 9], "texture": "#2"},
				"up": {"uv": [2.5, 7.5, 1.5, 7], "texture": "#2"},
				"down": {"uv": [8, 2, 7, 2.5], "texture": "#2"}
			}
		},
		{
			"from": [14.68495, 8.45469, 10],
			"to": [16.68495, 9.45469, 11],
			"rotation": {"angle": -45, "axis": "z", "origin": [4, 19, 10]},
			"faces": {
				"north": {"uv": [2.5, 7, 3.5, 7.5], "texture": "#2"},
				"east": {"uv": [2.5, 8.5, 3, 9], "texture": "#2"},
				"south": {"uv": [7, 2.5, 8, 3], "texture": "#2"},
				"west": {"uv": [3, 8.5, 3.5, 9], "texture": "#2"},
				"up": {"uv": [8, 3.5, 7, 3], "texture": "#2"},
				"down": {"uv": [8, 5.5, 7, 6], "texture": "#2"}
			}
		},
		{
			"from": [15.68495, 4.45469, 10],
			"to": [17.68495, 5.45469, 11],
			"rotation": {"angle": -45, "axis": "z", "origin": [4, 19, 10]},
			"faces": {
				"north": {"uv": [7, 6, 8, 6.5], "texture": "#2"},
				"east": {"uv": [3.5, 8.5, 4, 9], "texture": "#2"},
				"south": {"uv": [7, 6.5, 8, 7], "texture": "#2"},
				"west": {"uv": [4, 8.5, 4.5, 9], "texture": "#2"},
				"up": {"uv": [8, 7.5, 7, 7], "texture": "#2"},
				"down": {"uv": [1.5, 7.5, 0.5, 8], "texture": "#2"}
			}
		},
		{
			"from": [9.68495, 10.45469, 10],
			"to": [10.68495, 11.45469, 11],
			"rotation": {"angle": -45, "axis": "z", "origin": [4, 19, 10]},
			"faces": {
				"north": {"uv": [8.5, 4.5, 9, 5], "texture": "#2"},
				"east": {"uv": [8.5, 5, 9, 5.5], "texture": "#2"},
				"south": {"uv": [8.5, 5.5, 9, 6], "texture": "#2"},
				"west": {"uv": [6, 8.5, 6.5, 9], "texture": "#2"},
				"up": {"uv": [9, 6.5, 8.5, 6], "texture": "#2"},
				"down": {"uv": [7, 8.5, 6.5, 9], "texture": "#2"}
			}
		},
		{
			"from": [10.68495, 9.45469, 10],
			"to": [11.68495, 11.45469, 11],
			"rotation": {"angle": -45, "axis": "z", "origin": [4, 19, 10]},
			"faces": {
				"north": {"uv": [4.5, 2, 5, 3], "texture": "#2"},
				"east": {"uv": [5, 7, 5.5, 8], "texture": "#2"},
				"south": {"uv": [7.5, 0.5, 8, 1.5], "texture": "#2"},
				"west": {"uv": [1.5, 7.5, 2, 8.5], "texture": "#2"},
				"up": {"uv": [9, 7, 8.5, 6.5], "texture": "#2"},
				"down": {"uv": [7.5, 8.5, 7, 9], "texture": "#2"}
			}
		},
		{
			"from": [13.68495, 6.45469, 10],
			"to": [14.68495, 8.45469, 11],
			"rotation": {"angle": -45, "axis": "z", "origin": [4, 19, 10]},
			"faces": {
				"north": {"uv": [2, 7.5, 2.5, 8.5], "texture": "#2"},
				"east": {"uv": [2.5, 7.5, 3, 8.5], "texture": "#2"},
				"south": {"uv": [3, 7.5, 3.5, 8.5], "texture": "#2"},
				"west": {"uv": [7, 7.5, 7.5, 8.5], "texture": "#2"},
				"up": {"uv": [9, 7.5, 8.5, 7], "texture": "#2"},
				"down": {"uv": [8, 8.5, 7.5, 9], "texture": "#2"}
			}
		},
		{
			"from": [17.68495, 4.45469, 10],
			"to": [18.68495, 7.45469, 11],
			"rotation": {"angle": -45, "axis": "z", "origin": [4, 19, 10]},
			"faces": {
				"north": {"uv": [5.5, 0.5, 6, 2], "texture": "#2"},
				"east": {"uv": [5.5, 2, 6, 3.5], "texture": "#2"},
				"south": {"uv": [5.5, 3.5, 6, 5], "texture": "#2"},
				"west": {"uv": [5, 5.5, 5.5, 7], "texture": "#2"},
				"up": {"uv": [9, 8, 8.5, 7.5], "texture": "#2"},
				"down": {"uv": [8.5, 8.5, 8, 9], "texture": "#2"}
			}
		},
		{
			"from": [14.68495, 9.45469, 10],
			"to": [15.68495, 10.45469, 11],
			"rotation": {"angle": -45, "axis": "z", "origin": [4, 19, 10]},
			"faces": {
				"north": {"uv": [8.5, 8, 9, 8.5], "texture": "#2"},
				"east": {"uv": [8.5, 8.5, 9, 9], "texture": "#2"},
				"south": {"uv": [0, 9, 0.5, 9.5], "texture": "#2"},
				"west": {"uv": [9, 0, 9.5, 0.5], "texture": "#2"},
				"up": {"uv": [1, 9.5, 0.5, 9], "texture": "#2"},
				"down": {"uv": [9.5, 0.5, 9, 1], "texture": "#2"}
			}
		},
		{
			"from": [12.68495, 7.45469, 10],
			"to": [13.68495, 8.45469, 11],
			"rotation": {"angle": -45, "axis": "z", "origin": [4, 19, 10]},
			"faces": {
				"north": {"uv": [1, 9, 1.5, 9.5], "texture": "#2"},
				"east": {"uv": [9, 1, 9.5, 1.5], "texture": "#2"},
				"south": {"uv": [1.5, 9, 2, 9.5], "texture": "#2"},
				"west": {"uv": [9, 1.5, 9.5, 2], "texture": "#2"},
				"up": {"uv": [2.5, 9.5, 2, 9], "texture": "#2"},
				"down": {"uv": [9.5, 2, 9, 2.5], "texture": "#2"}
			}
		},
		{
			"from": [4.68495, 10.45469, 10],
			"to": [5.68495, 12.45469, 11],
			"rotation": {"angle": -45, "axis": "z", "origin": [4, 19, 10]},
			"faces": {
				"north": {"uv": [7.5, 7.5, 8, 8.5], "texture": "#2"},
				"east": {"uv": [8, 0, 8.5, 1], "texture": "#2"},
				"south": {"uv": [0.5, 8, 1, 9], "texture": "#2"},
				"west": {"uv": [1, 8, 1.5, 9], "texture": "#2"},
				"up": {"uv": [3, 9.5, 2.5, 9], "texture": "#2"},
				"down": {"uv": [9.5, 2.5, 9, 3], "texture": "#2"}
			}
		},
		{
			"from": [8.68495, 16.45469, 10],
			"to": [12.68495, 17.45469, 11],
			"rotation": {"angle": -45, "axis": "z", "origin": [4, 19, 10]},
			"faces": {
				"north": {"uv": [3, 3, 5, 3.5], "texture": "#2"},
				"east": {"uv": [3, 9, 3.5, 9.5], "texture": "#2"},
				"south": {"uv": [3, 3.5, 5, 4], "texture": "#2"},
				"west": {"uv": [9, 3, 9.5, 3.5], "texture": "#2"},
				"up": {"uv": [5, 4.5, 3, 4], "texture": "#2"},
				"down": {"uv": [2, 4.5, 0, 5], "texture": "#2"}
			}
		},
		{
			"from": [8.68495, 15.45469, 10],
			"to": [11.68495, 16.45469, 11],
			"rotation": {"angle": -45, "axis": "z", "origin": [4, 19, 10]},
			"faces": {
				"north": {"uv": [5.5, 5.5, 7, 6], "texture": "#2"},
				"east": {"uv": [3.5, 9, 4, 9.5], "texture": "#2"},
				"south": {"uv": [6, 0.5, 7.5, 1], "texture": "#2"},
				"west": {"uv": [9, 3.5, 9.5, 4], "texture": "#2"},
				"up": {"uv": [7.5, 1.5, 6, 1], "texture": "#2"},
				"down": {"uv": [7.5, 1.5, 6, 2], "texture": "#2"}
			}
		},
		{
			"from": [8.68495, 14.45469, 10],
			"to": [10.68495, 15.45469, 11],
			"rotation": {"angle": -45, "axis": "z", "origin": [4, 19, 10]},
			"faces": {
				"north": {"uv": [7.5, 1.5, 8.5, 2], "texture": "#2"},
				"east": {"uv": [4, 9, 4.5, 9.5], "texture": "#2"},
				"south": {"uv": [8, 1, 9, 1.5], "texture": "#2"},
				"west": {"uv": [9, 4, 9.5, 4.5], "texture": "#2"},
				"up": {"uv": [9, 2.5, 8, 2], "texture": "#2"},
				"down": {"uv": [9, 2.5, 8, 3], "texture": "#2"}
			}
		},
		{
			"from": [8.68495, 11.45469, 10],
			"to": [11.68495, 14.45469, 11],
			"rotation": {"angle": -45, "axis": "z", "origin": [4, 19, 10]},
			"faces": {
				"north": {"uv": [1.5, 0, 3, 1.5], "texture": "#2"},
				"east": {"uv": [6, 2, 6.5, 3.5], "texture": "#2"},
				"south": {"uv": [1.5, 1.5, 3, 3], "texture": "#2"},
				"west": {"uv": [6, 3.5, 6.5, 5], "texture": "#2"},
				"up": {"uv": [7, 6.5, 5.5, 6], "texture": "#2"},
				"down": {"uv": [3.5, 6.5, 2, 7], "texture": "#2"}
			}
		},
		{
			"from": [11.68495, 8.45469, 10],
			"to": [14.68495, 11.45469, 11],
			"rotation": {"angle": -45, "axis": "z", "origin": [4, 19, 10]},
			"faces": {
				"north": {"uv": [0, 3, 1.5, 4.5], "texture": "#2"},
				"east": {"uv": [6.5, 2, 7, 3.5], "texture": "#2"},
				"south": {"uv": [3, 0, 4.5, 1.5], "texture": "#2"},
				"west": {"uv": [3.5, 6.5, 4, 8], "texture": "#2"},
				"up": {"uv": [8, 4, 6.5, 3.5], "texture": "#2"},
				"down": {"uv": [8, 4, 6.5, 4.5], "texture": "#2"}
			}
		},
		{
			"from": [14.68495, 5.45469, 10],
			"to": [17.68495, 8.45469, 11],
			"rotation": {"angle": -45, "axis": "z", "origin": [4, 19, 10]},
			"faces": {
				"north": {"uv": [1.5, 3, 3, 4.5], "texture": "#2"},
				"east": {"uv": [4, 6.5, 4.5, 8], "texture": "#2"},
				"south": {"uv": [3, 1.5, 4.5, 3], "texture": "#2"},
				"west": {"uv": [4.5, 6.5, 5, 8], "texture": "#2"},
				"up": {"uv": [8, 5, 6.5, 4.5], "texture": "#2"},
				"down": {"uv": [8, 5, 6.5, 5.5], "texture": "#2"}
			}
		},
		{
			"from": [10.68495, 17.45469, 10],
			"to": [12.68495, 18.45469, 11],
			"rotation": {"angle": -45, "axis": "z", "origin": [4, 19, 10]},
			"faces": {
				"north": {"uv": [8, 3, 9, 3.5], "texture": "#2"},
				"east": {"uv": [4.5, 9, 5, 9.5], "texture": "#2"},
				"south": {"uv": [3.5, 8, 4.5, 8.5], "texture": "#2"},
				"west": {"uv": [9, 4.5, 9.5, 5], "texture": "#2"},
				"up": {"uv": [9, 4, 8, 3.5], "texture": "#2"},
				"down": {"uv": [9, 4, 8, 4.5], "texture": "#2"}
			}
		},
		{
			"from": [5.68495, 15.45469, 10],
			"to": [6.68495, 18.45469, 11],
			"rotation": {"angle": -45, "axis": "z", "origin": [4, 19, 10]},
			"faces": {
				"north": {"uv": [5.5, 6.5, 6, 8], "texture": "#2"},
				"east": {"uv": [6, 6.5, 6.5, 8], "texture": "#2"},
				"south": {"uv": [6.5, 6.5, 7, 8], "texture": "#2"},
				"west": {"uv": [0, 7, 0.5, 8.5], "texture": "#2"},
				"up": {"uv": [5.5, 9.5, 5, 9], "texture": "#2"},
				"down": {"uv": [9.5, 5, 9, 5.5], "texture": "#2"}
			}
		},
		{
			"from": [6.68495, 15.45469, 10],
			"to": [7.68495, 17.45469, 11],
			"rotation": {"angle": -45, "axis": "z", "origin": [4, 19, 10]},
			"faces": {
				"north": {"uv": [4.5, 8, 5, 9], "texture": "#2"},
				"east": {"uv": [8, 4.5, 8.5, 5.5], "texture": "#2"},
				"south": {"uv": [5, 8, 5.5, 9], "texture": "#2"},
				"west": {"uv": [5.5, 8, 6, 9], "texture": "#2"},
				"up": {"uv": [6, 9.5, 5.5, 9], "texture": "#2"},
				"down": {"uv": [9.5, 5.5, 9, 6], "texture": "#2"}
			}
		},
		{
			"from": [7.68495, 12.45469, 10],
			"to": [8.68495, 16.45469, 11],
			"rotation": {"angle": -45, "axis": "z", "origin": [4, 19, 10]},
			"faces": {
				"north": {"uv": [4.5, 0, 5, 2], "texture": "#2"},
				"east": {"uv": [2, 4.5, 2.5, 6.5], "texture": "#2"},
				"south": {"uv": [2.5, 4.5, 3, 6.5], "texture": "#2"},
				"west": {"uv": [3, 4.5, 3.5, 6.5], "texture": "#2"},
				"up": {"uv": [6.5, 9.5, 6, 9], "texture": "#2"},
				"down": {"uv": [9.5, 6, 9, 6.5], "texture": "#2"}
			}
		},
		{
			"from": [6.68495, 11.45469, 10],
			"to": [7.68495, 15.45469, 11],
			"rotation": {"angle": -45, "axis": "z", "origin": [4, 19, 10]},
			"faces": {
				"north": {"uv": [3.5, 4.5, 4, 6.5], "texture": "#2"},
				"east": {"uv": [4, 4.5, 4.5, 6.5], "texture": "#2"},
				"south": {"uv": [4.5, 4.5, 5, 6.5], "texture": "#2"},
				"west": {"uv": [0, 5, 0.5, 7], "texture": "#2"},
				"up": {"uv": [7, 9.5, 6.5, 9], "texture": "#2"},
				"down": {"uv": [9.5, 6.5, 9, 7], "texture": "#2"}
			}
		},
		{
			"from": [5.68495, 10.45469, 10],
			"to": [6.68495, 14.45469, 11],
			"rotation": {"angle": -45, "axis": "z", "origin": [4, 19, 10]},
			"faces": {
				"north": {"uv": [5, 0, 5.5, 2], "texture": "#2"},
				"east": {"uv": [0.5, 5, 1, 7], "texture": "#2"},
				"south": {"uv": [1, 5, 1.5, 7], "texture": "#2"},
				"west": {"uv": [1.5, 5, 2, 7], "texture": "#2"},
				"up": {"uv": [7.5, 9.5, 7, 9], "texture": "#2"},
				"down": {"uv": [9.5, 7, 9, 7.5], "texture": "#2"}
			}
		}
	],
	"display": {
		"thirdperson_righthand": {
			"translation": [1.25, 1.75, 0],
			"scale": [0.34, 0.34, 0.34]
		},
		"thirdperson_lefthand": {
			"translation": [-1.25, 1.75, 0],
			"scale": [0.34, 0.34, 0.34]
		},
		"firstperson_righthand": {
			"rotation": [-180, 42, -180],
			"translation": [0.75, 0, -4],
			"scale": [0.37, 0.37, 0.37]
		},
		"firstperson_lefthand": {
			"rotation": [-180, 42, -180],
			"translation": [1.5, 0.5, -2.5],
			"scale": [0.37, 0.37, 0.37]
		},
		"ground": {
			"translation": [0, 1, 0],
			"scale": [0.42, 0.42, 0.42]
		},
		"gui": {
			"rotation": [-180, 25, -180],
			"translation": [-5.75, 2.75, 0]
		},
		"head": {
			"translation": [4, 17.25, -6.25]
		},
		"fixed": {
			"rotation": [-90, 0, 0],
			"translation": [15.75, -24, -42],
			"scale": [4, 4, 4]
		}
	},
	"groups": [
		0,
		1,
		2,
		3,
		4,
		5,
		6,
		7,
		8,
		9,
		10,
		{
			"name": "Sword",
			"origin": [0, 0, 0],
			"color": 0,
			"children": [11, 12, 13, 14, 15, 16, 17, 18, 19, 20, 21, 22, 23, 24, 25, 26, 27, 28, 29, 30, 31, 32, 33, 34, 35]
		}
	]
}