{
	"credit": "Made with Blockbench",
	"textures": {
		"0": "Janat",
		"1": "priad",
		"2": "flower",
		"particle": "Janat"
	},
	"elements": [
		{
			"from": [10.1, 13, -0.2],
			"to": [11, 13.9, 0],
			"faces": {
				"north": {"uv": [0, 0, 1, 1], "texture": "#2"},
				"east": {"uv": [0, 1, 1, 2], "texture": "#2"},
				"south": {"uv": [1, 0, 2, 1], "texture": "#2"},
				"west": {"uv": [1, 1, 2, 2], "texture": "#2"},
				"up": {"uv": [1, 3, 0, 2], "texture": "#2"},
				"down": {"uv": [3, 0, 2, 1], "texture": "#2"}
			}
		},
		{
			"from": [8.1, 13, -0.2],
			"to": [9, 13.9, 0],
			"faces": {
				"north": {"uv": [1, 2, 2, 3], "texture": "#2"},
				"east": {"uv": [2, 1, 3, 2], "texture": "#2"},
				"south": {"uv": [2, 2, 3, 3], "texture": "#2"},
				"west": {"uv": [0, 3, 1, 4], "texture": "#2"},
				"up": {"uv": [4, 1, 3, 0], "texture": "#2"},
				"down": {"uv": [2, 3, 1, 4], "texture": "#2"}
			}
		},
		{
			"from": [9.1, 12, -0.2],
			"to": [10, 12.9, 0],
			"faces": {
				"north": {"uv": [3, 1, 4, 2], "texture": "#2"},
				"east": {"uv": [2, 3, 3, 4], "texture": "#2"},
				"south": {"uv": [3, 2, 4, 3], "texture": "#2"},
				"west": {"uv": [3, 3, 4, 4], "texture": "#2"},
				"up": {"uv": [1, 5, 0, 4], "texture": "#2"},
				"down": {"uv": [5, 0, 4, 1], "texture": "#2"}
			}
		},
		{
			"from": [7.1, 12, -0.2],
			"to": [8, 12.9, 0],
			"faces": {
				"north": {"uv": [1, 4, 2, 5], "texture": "#2"},
				"east": {"uv": [4, 1, 5, 2], "texture": "#2"},
				"south": {"uv": [2, 4, 3, 5], "texture": "#2"},
				"west": {"uv": [4, 2, 5, 3], "texture": "#2"},
				"up": {"uv": [4, 5, 3, 4], "texture": "#2"},
				"down": {"uv": [5, 3, 4, 4], "texture": "#2"}
			}
		},
		{
			"from": [6.1, 13, -0.2],
			"to": [7, 13.9, 0],
			"faces": {
				"north": {"uv": [4, 4, 5, 5], "texture": "#2"},
				"east": {"uv": [0, 5, 1, 6], "texture": "#2"},
				"south": {"uv": [5, 0, 6, 1], "texture": "#2"},
				"west": {"uv": [1, 5, 2, 6], "texture": "#2"},
				"up": {"uv": [6, 2, 5, 1], "texture": "#2"},
				"down": {"uv": [3, 5, 2, 6], "texture": "#2"}
			}
		},
		{
			"from": [5.1, 12, -0.2],
			"to": [6, 12.9, 0],
			"faces": {
				"north": {"uv": [5, 2, 6, 3], "texture": "#2"},
				"east": {"uv": [3, 5, 4, 6], "texture": "#2"},
				"south": {"uv": [5, 3, 6, 4], "texture": "#2"},
				"west": {"uv": [4, 5, 5, 6], "texture": "#2"},
				"up": {"uv": [6, 5, 5, 4], "texture": "#2"},
				"down": {"uv": [6, 5, 5, 6], "texture": "#2"}
			}
		},
		{
			"from": [6.1, 11, -0.2],
			"to": [7, 11.9, 0],
			"faces": {
				"north": {"uv": [0, 6, 1, 7], "texture": "#2"},
				"east": {"uv": [6, 0, 7, 1], "texture": "#2"},
				"south": {"uv": [1, 6, 2, 7], "texture": "#2"},
				"west": {"uv": [6, 1, 7, 2], "texture": "#2"},
				"up": {"uv": [3, 7, 2, 6], "texture": "#2"},
				"down": {"uv": [7, 2, 6, 3], "texture": "#2"}
			}
		},
		{
			"from": [5.1, 14, -0.2],
			"to": [6, 14.9, 0],
			"faces": {
				"north": {"uv": [3, 6, 4, 7], "texture": "#2"},
				"east": {"uv": [6, 3, 7, 4], "texture": "#2"},
				"south": {"uv": [4, 6, 5, 7], "texture": "#2"},
				"west": {"uv": [6, 4, 7, 5], "texture": "#2"},
				"up": {"uv": [6, 7, 5, 6], "texture": "#2"},
				"down": {"uv": [7, 5, 6, 6], "texture": "#2"}
			}
		},
		{
			"from": [4.1, 15, -0.2],
			"to": [5, 15.9, 0],
			"faces": {
				"north": {"uv": [6, 6, 7, 7], "texture": "#2"},
				"east": {"uv": [0, 7, 1, 8], "texture": "#2"},
				"south": {"uv": [7, 0, 8, 1], "texture": "#2"},
				"west": {"uv": [1, 7, 2, 8], "texture": "#2"},
				"up": {"uv": [8, 2, 7, 1], "texture": "#2"},
				"down": {"uv": [3, 7, 2, 8], "texture": "#2"}
			}
		},
		{
			"from": [3.1, 14, -0.2],
			"to": [4, 14.9, 0],
			"faces": {
				"north": {"uv": [7, 2, 8, 3], "texture": "#2"},
				"east": {"uv": [3, 7, 4, 8], "texture": "#2"},
				"south": {"uv": [7, 3, 8, 4], "texture": "#2"},
				"west": {"uv": [4, 7, 5, 8], "texture": "#2"},
				"up": {"uv": [8, 5, 7, 4], "texture": "#2"},
				"down": {"uv": [6, 7, 5, 8], "texture": "#2"}
			}
		},
		{
			"from": [4.1, 13, -0.2],
			"to": [5, 13.9, 0],
			"faces": {
				"north": {"uv": [7, 5, 8, 6], "texture": "#2"},
				"east": {"uv": [6, 7, 7, 8], "texture": "#2"},
				"south": {"uv": [7, 6, 8, 7], "texture": "#2"},
				"west": {"uv": [7, 7, 8, 8], "texture": "#2"},
				"up": {"uv": [1, 9, 0, 8], "texture": "#2"},
				"down": {"uv": [9, 0, 8, 1], "texture": "#2"}
			}
		},
		{
			"from": [9.1, 14, -0.2],
			"to": [10, 14.9, 0],
			"faces": {
				"north": {"uv": [1, 8, 2, 9], "texture": "#2"},
				"east": {"uv": [8, 1, 9, 2], "texture": "#2"},
				"south": {"uv": [2, 8, 3, 9], "texture": "#2"},
				"west": {"uv": [8, 2, 9, 3], "texture": "#2"},
				"up": {"uv": [4, 9, 3, 8], "texture": "#2"},
				"down": {"uv": [9, 3, 8, 4], "texture": "#2"}
			}
		},
		{
			"from": [5, 18, 1],
			"to": [9, 19, 1.3],
			"faces": {
				"north": {"uv": [7, 1, 11, 2], "texture": "#1"},
				"east": {"uv": [7, 11, 8, 12], "texture": "#1"},
				"south": {"uv": [7, 2, 11, 3], "texture": "#1"},
				"west": {"uv": [8, 11, 9, 12], "texture": "#1"},
				"up": {"uv": [11, 4, 7, 3], "texture": "#1"},
				"down": {"uv": [9, 7, 5, 8], "texture": "#1"}
			}
		},
		{
			"from": [4, 17, 1],
			"to": [10, 18, 1.3],
			"faces": {
				"north": {"uv": [0, 4, 6, 5], "texture": "#1"},
				"east": {"uv": [11, 5, 12, 6], "texture": "#1"},
				"south": {"uv": [0, 5, 6, 6], "texture": "#1"},
				"west": {"uv": [11, 6, 12, 7], "texture": "#1"},
				"up": {"uv": [6, 7, 0, 6], "texture": "#1"},
				"down": {"uv": [12, 4, 6, 5], "texture": "#1"}
			}
		},
		{
			"from": [2.9, 16, 1],
			"to": [10, 17, 1.3],
			"faces": {
				"north": {"uv": [0, 0, 7, 1], "texture": "#1"},
				"east": {"uv": [11, 2, 12, 3], "texture": "#1"},
				"south": {"uv": [0, 1, 7, 2], "texture": "#1"},
				"west": {"uv": [11, 3, 12, 4], "texture": "#1"},
				"up": {"uv": [7, 3, 0, 2], "texture": "#1"},
				"down": {"uv": [7, 3, 0, 4], "texture": "#1"}
			}
		},
		{
			"from": [2.9, 15, 1],
			"to": [8, 16, 1.3],
			"faces": {
				"north": {"uv": [6, 5, 11, 6], "texture": "#1"},
				"east": {"uv": [11, 1, 12, 2], "texture": "#1"},
				"south": {"uv": [6, 6, 11, 7], "texture": "#1"},
				"west": {"uv": [2, 11, 3, 12], "texture": "#1"},
				"up": {"uv": [5, 8, 0, 7], "texture": "#1"},
				"down": {"uv": [12, 0, 7, 1], "texture": "#1"}
			}
		},
		{
			"from": [2.9, 14, 1],
			"to": [5.4, 15, 1.3],
			"faces": {
				"north": {"uv": [0, 8, 3, 9], "texture": "#1"},
				"east": {"uv": [0, 11, 1, 12], "texture": "#1"},
				"south": {"uv": [3, 8, 6, 9], "texture": "#1"},
				"west": {"uv": [1, 11, 2, 12], "texture": "#1"},
				"up": {"uv": [9, 9, 6, 8], "texture": "#1"},
				"down": {"uv": [3, 9, 0, 10], "texture": "#1"}
			}
		},
		{
			"from": [2.9, 11.55, 1],
			"to": [4, 14, 1.3],
			"faces": {
				"north": {"uv": [7, 9, 8, 11], "texture": "#1"},
				"east": {"uv": [9, 7, 10, 9], "texture": "#1"},
				"south": {"uv": [8, 9, 9, 11], "texture": "#1"},
				"west": {"uv": [9, 9, 10, 11], "texture": "#1"},
				"up": {"uv": [3, 11, 2, 10], "texture": "#1"},
				"down": {"uv": [11, 10, 10, 11], "texture": "#1"}
			}
		},
		{
			"from": [4, 10.9, 1],
			"to": [5, 11.7, 1.3],
			"faces": {
				"north": {"uv": [3, 12, 4, 13], "texture": "#1"},
				"east": {"uv": [12, 3, 13, 4], "texture": "#1"},
				"south": {"uv": [4, 12, 5, 13], "texture": "#1"},
				"west": {"uv": [12, 4, 13, 5], "texture": "#1"},
				"up": {"uv": [6, 13, 5, 12], "texture": "#1"},
				"down": {"uv": [13, 5, 12, 6], "texture": "#1"}
			}
		},
		{
			"from": [10, 11.55, 1],
			"to": [11.1, 15, 1.3],
			"faces": {
				"north": {"uv": [3, 9, 4, 12], "texture": "#1"},
				"east": {"uv": [4, 9, 5, 12], "texture": "#1"},
				"south": {"uv": [5, 9, 6, 12], "texture": "#1"},
				"west": {"uv": [6, 9, 7, 12], "texture": "#1"},
				"up": {"uv": [12, 11, 11, 10], "texture": "#1"},
				"down": {"uv": [12, 11, 11, 12], "texture": "#1"}
			}
		},
		{
			"from": [9, 15, 1],
			"to": [11.1, 16, 1.3],
			"faces": {
				"north": {"uv": [0, 10, 2, 11], "texture": "#1"},
				"east": {"uv": [9, 11, 10, 12], "texture": "#1"},
				"south": {"uv": [10, 7, 12, 8], "texture": "#1"},
				"west": {"uv": [10, 11, 11, 12], "texture": "#1"},
				"up": {"uv": [12, 9, 10, 8], "texture": "#1"},
				"down": {"uv": [12, 9, 10, 10], "texture": "#1"}
			}
		},
		{
			"from": [9, 10.9, 1],
			"to": [10, 11.7, 1.3],
			"faces": {
				"north": {"uv": [0, 12, 1, 13], "texture": "#1"},
				"east": {"uv": [12, 0, 13, 1], "texture": "#1"},
				"south": {"uv": [1, 12, 2, 13], "texture": "#1"},
				"west": {"uv": [12, 1, 13, 2], "texture": "#1"},
				"up": {"uv": [3, 13, 2, 12], "texture": "#1"},
				"down": {"uv": [13, 2, 12, 3], "texture": "#1"}
			}
		},
		{
			"from": [3, 6, 0],
			"to": [11, 18, 1],
			"faces": {
				"north": {"uv": [0, 0, 4, 6], "texture": "#0"},
				"east": {"uv": [0, 6, 0.5, 12], "texture": "#0"},
				"south": {"uv": [4, 0, 8, 6], "texture": "#0"},
				"west": {"uv": [0.5, 6, 1, 12], "texture": "#0"},
				"up": {"uv": [5, 7.5, 1, 7], "texture": "#0"},
				"down": {"uv": [9, 7, 5, 7.5], "texture": "#0"}
			}
		},
		{
			"from": [11, 9, 0],
			"to": [14, 11, 1],
			"faces": {
				"north": {"uv": [7, 6, 8.5, 7], "texture": "#0"},
				"east": {"uv": [7, 8, 7.5, 9], "texture": "#0"},
				"south": {"uv": [1, 7.5, 2.5, 8.5], "texture": "#0"},
				"west": {"uv": [7.5, 8, 8, 9], "texture": "#0"},
				"up": {"uv": [9.5, 5, 8, 4.5], "texture": "#0"},
				"down": {"uv": [9.5, 5, 8, 5.5], "texture": "#0"}
			}
		},
		{
			"from": [0, 9, 0],
			"to": [3, 11, 1],
			"faces": {
				"north": {"uv": [2.5, 7.5, 4, 8.5], "texture": "#0"},
				"east": {"uv": [8, 8, 8.5, 9], "texture": "#0"},
				"south": {"uv": [4, 7.5, 5.5, 8.5], "texture": "#0"},
				"west": {"uv": [1, 8.5, 1.5, 9.5], "texture": "#0"},
				"up": {"uv": [7, 8.5, 5.5, 8], "texture": "#0"},
				"down": {"uv": [9.5, 5.5, 8, 6], "texture": "#0"}
			}
		},
		{
			"from": [11, 8, 0],
			"to": [13, 9, 1],
			"faces": {
				"north": {"uv": [1.5, 8.5, 2.5, 9], "texture": "#0"},
				"east": {"uv": [1.5, 9, 2, 9.5], "texture": "#0"},
				"south": {"uv": [2.5, 8.5, 3.5, 9], "texture": "#0"},
				"west": {"uv": [2, 9, 2.5, 9.5], "texture": "#0"},
				"up": {"uv": [4.5, 9, 3.5, 8.5], "texture": "#0"},
				"down": {"uv": [5.5, 8.5, 4.5, 9], "texture": "#0"}
			}
		},
		{
			"from": [1, 8, 0],
			"to": [3, 9, 1],
			"faces": {
				"north": {"uv": [5.5, 8.5, 6.5, 9], "texture": "#0"},
				"east": {"uv": [2.5, 9, 3, 9.5], "texture": "#0"},
				"south": {"uv": [8.5, 6, 9.5, 6.5], "texture": "#0"},
				"west": {"uv": [3, 9, 3.5, 9.5], "texture": "#0"},
				"up": {"uv": [9.5, 7, 8.5, 6.5], "texture": "#0"},
				"down": {"uv": [9.5, 7.5, 8.5, 8], "texture": "#0"}
			}
		},
		{
			"from": [4, 4, 0],
			"to": [10, 6, 1],
			"rotation": {"angle": 0, "axis": "y", "origin": [7, 5, 0.5]},
			"faces": {
				"north": {"uv": [1, 6, 4, 7], "texture": "#0"},
				"east": {"uv": [6.5, 8.5, 7, 9.5], "texture": "#0"},
				"south": {"uv": [4, 6, 7, 7], "texture": "#0"},
				"west": {"uv": [8.5, 8, 9, 9], "texture": "#0"},
				"up": {"uv": [8.5, 8, 5.5, 7.5], "texture": "#0"},
				"down": {"uv": [11, 0, 8, 0.5], "texture": "#0"}
			}
		},
		{
			"from": [5, 3, 0],
			"to": [9, 4, 1],
			"faces": {
				"north": {"uv": [8, 2.5, 10, 3], "texture": "#0"},
				"east": {"uv": [3.5, 9, 4, 9.5], "texture": "#0"},
				"south": {"uv": [8, 3, 10, 3.5], "texture": "#0"},
				"west": {"uv": [4, 9, 4.5, 9.5], "texture": "#0"},
				"up": {"uv": [10, 4, 8, 3.5], "texture": "#0"},
				"down": {"uv": [10, 4, 8, 4.5], "texture": "#0"}
			}
		},
		{
			"from": [4, 18, 0],
			"to": [10, 19, 1],
			"faces": {
				"north": {"uv": [8, 0.5, 11, 1], "texture": "#0"},
				"east": {"uv": [4.5, 9, 5, 9.5], "texture": "#0"},
				"south": {"uv": [8, 1, 11, 1.5], "texture": "#0"},
				"west": {"uv": [5, 9, 5.5, 9.5], "texture": "#0"},
				"up": {"uv": [11, 2, 8, 1.5], "texture": "#0"},
				"down": {"uv": [11, 2, 8, 2.5], "texture": "#0"}
			}
		}
	],
	"display": {
		"thirdperson_righthand": {
			"translation": [0.5, 2, 5],
			"scale": [0.61, 0.61, 0.61]
		},
		"thirdperson_lefthand": {
			"translation": [-0.5, 2, 5.75],
			"scale": [0.61, 0.61, 0.61]
		},
		"firstperson_righthand": {
			"rotation": [-10.17, -52.35, -2.63],
			"translation": [0.75, -2, -2]
		},
		"firstperson_lefthand": {
			"rotation": [-10.33, -53.12, -2.83],
			"translation": [0.75, -2, -3.75]
		},
		"ground": {
			"rotation": [0, -19, 0],
			"translation": [0, 0, 5.25],
			"scale": [0.67, 0.67, 0.67]
		},
		"gui": {
			"translation": [1, -3, 0],
			"scale": [0.94, 0.94, 0.94]
		},
		"fixed": {
			"rotation": [0, -180, 0],
			"translation": [-1, -2.75, -7.75]
		}
	},
	"groups": [
		{
			"name": "group",
			"origin": [0, 0, 0],
			"color": 0,
			"children": [0, 1, 2, 3, 4, 5, 6, 7, 8, 9, 10, 11]
		},
		{
			"name": "group",
			"origin": [0, 0, 0],
			"color": 0,
			"children": [12, 13, 14, 15, 16, 17, 18, 19, 20, 21]
		},
		{
			"name": "group",
			"origin": [0, 0, 0],
			"color": 0,
			"children": [22, 23, 24, 25, 26, 27, 28, 29]
		}
	]
}