{
	"credit": "Made with Blockbench",
	"texture_size": [32, 32],
	"textures": {
		"0": "A",
		"1": "fund",
		"particle": "A"
	},
	"elements": [
		{
			"from": [-4, 0, -3],
			"to": [0, 4, 3],
			"rotation": {"angle": -45, "axis": "y", "origin": [2, -3, 2]},
			"faces": {
				"north": {"uv": [6, 12, 7, 13], "rotation": 180, "texture": "#0"},
				"east": {"uv": [4, 14.5, 5, 16], "rotation": 270, "texture": "#0"},
				"south": {"uv": [5, 12, 6, 13], "texture": "#0"},
				"west": {"uv": [6, 14.5, 7, 16], "rotation": 90, "texture": "#0"},
				"up": {"uv": [5, 14.5, 6, 16], "rotation": 180, "texture": "#0"},
				"down": {"uv": [7, 14.5, 8, 16], "texture": "#0"}
			}
		},
		{
			"from": [-2, 0, 0],
			"to": [4, 4, 4],
			"rotation": {"angle": 0, "axis": "y", "origin": [2, 2, 2]},
			"faces": {
				"north": {"uv": [5, 13, 6, 14.5], "rotation": 270, "texture": "#0"},
				"east": {"uv": [5, 12, 6, 13], "rotation": 90, "texture": "#0"},
				"south": {"uv": [7, 13, 8, 14.5], "rotation": 90, "texture": "#0"},
				"west": {"uv": [5, 12, 6, 13], "rotation": 90, "texture": "#0"},
				"up": {"uv": [6, 13, 7, 14.5], "rotation": 90, "texture": "#0"},
				"down": {"uv": [4, 13, 5, 14.5], "rotation": 90, "texture": "#0"}
			}
		},
		{
			"from": [8, 0, -3],
			"to": [12, 4, 3],
			"rotation": {"angle": 45, "axis": "y", "origin": [6, -4, 2]},
			"faces": {
				"north": {"uv": [2, 4, 3, 5], "rotation": 180, "texture": "#0"},
				"east": {"uv": [0, 6.5, 1, 8], "rotation": 270, "texture": "#0"},
				"south": {"uv": [1, 4, 2, 5], "texture": "#0"},
				"west": {"uv": [2, 6.5, 3, 8], "rotation": 90, "texture": "#0"},
				"up": {"uv": [1, 6.5, 2, 8], "rotation": 180, "texture": "#0"},
				"down": {"uv": [3, 6.5, 4, 8], "texture": "#0"}
			}
		},
		{
			"from": [4, 0, 0],
			"to": [10, 4, 4],
			"rotation": {"angle": 0, "axis": "y", "origin": [6, 2, 2]},
			"faces": {
				"north": {"uv": [1, 5, 2, 6.5], "rotation": 90, "texture": "#0"},
				"east": {"uv": [1, 4, 2, 5], "rotation": 270, "texture": "#0"},
				"south": {"uv": [3, 5, 4, 6.5], "rotation": 270, "texture": "#0"},
				"west": {"uv": [1, 4, 2, 5], "rotation": 270, "texture": "#0"},
				"up": {"uv": [0, 5, 1, 6.5], "rotation": 270, "texture": "#0"},
				"down": {"uv": [2, 5, 3, 6.5], "rotation": 270, "texture": "#0"}
			}
		},
		{
			"from": [8, 6, -2.95],
			"to": [12, 10, 3.05],
			"rotation": {"angle": -22.5, "axis": "x", "origin": [10, 8, 2]},
			"faces": {
				"north": {"uv": [12.025, 4.05, 13, 5], "rotation": 180, "texture": "#0"},
				"east": {"uv": [10, 6.5, 11, 8], "rotation": 270, "texture": "#0"},
				"south": {"uv": [12, 5.5, 13, 6.5], "texture": "#0"},
				"west": {"uv": [12, 6.5, 13, 8], "rotation": 90, "texture": "#0"},
				"up": {"uv": [11, 6.5, 12, 8], "rotation": 180, "texture": "#0"},
				"down": {"uv": [13, 6.5, 14, 8], "texture": "#0"}
			}
		},
		{
			"from": [8, 9, 0],
			"to": [12, 15, 4],
			"rotation": {"angle": 0, "axis": "y", "origin": [10, 14, 2]},
			"faces": {
				"north": {"uv": [11, 5, 12, 6.5], "texture": "#0"},
				"east": {"uv": [10, 5, 11, 6.5], "texture": "#0"},
				"south": {"uv": [13, 5, 14, 6.5], "texture": "#0"},
				"west": {"uv": [12, 5, 13, 6.5], "texture": "#0"},
				"up": {"uv": [11, 4, 12, 5], "texture": "#0"},
				"down": {"uv": [11, 5.5, 12, 6.5], "texture": "#0"}
			}
		},
		{
			"from": [-4, 6, -3],
			"to": [0, 10, 3],
			"rotation": {"angle": -22.5, "axis": "x", "origin": [-2, 8, 2]},
			"faces": {
				"north": {"uv": [10, 12, 11, 13], "rotation": 180, "texture": "#0"},
				"east": {"uv": [8, 14.5, 9, 16], "rotation": 270, "texture": "#0"},
				"south": {"uv": [9, 13.5, 10, 14.5], "texture": "#0"},
				"west": {"uv": [10, 14.5, 11, 16], "rotation": 90, "texture": "#0"},
				"up": {"uv": [9, 14.5, 10, 16], "rotation": 180, "texture": "#0"},
				"down": {"uv": [11, 14.5, 12, 16], "texture": "#0"}
			}
		},
		{
			"from": [-4, 9, 0],
			"to": [0, 15, 4],
			"rotation": {"angle": 0, "axis": "y", "origin": [-2, 14, 2]},
			"faces": {
				"north": {"uv": [9, 13, 10, 14.5], "texture": "#0"},
				"east": {"uv": [8, 13.025, 9, 14.525], "texture": "#0"},
				"south": {"uv": [11, 13.025, 12, 14.525], "texture": "#0"},
				"west": {"uv": [10, 13, 11, 14.5], "texture": "#0"},
				"up": {"uv": [9, 12, 10, 13], "texture": "#0"},
				"down": {"uv": [9, 13.525, 10, 14.525], "texture": "#0"}
			}
		},
		{
			"from": [0, 3, 0],
			"to": [8, 15, 4],
			"rotation": {"angle": 0, "axis": "y", "origin": [4, 10, 2]},
			"faces": {
				"north": {"uv": [5, 5, 7, 8], "texture": "#0"},
				"east": {"uv": [4, 5, 5, 8], "texture": "#0"},
				"south": {"uv": [8, 5, 10, 8], "texture": "#0"},
				"west": {"uv": [7, 5, 8, 8], "texture": "#0"},
				"up": {"uv": [5, 4, 7, 5], "rotation": 180, "texture": "#0"},
				"down": {"uv": [7, 4, 9, 5], "texture": "#0"}
			}
		},
		{
			"from": [0, 15, -2],
			"to": [8, 23, 6],
			"rotation": {"angle": 0, "axis": "y", "origin": [4, 16, 2]},
			"faces": {
				"north": {"uv": [2, 2, 4, 4], "texture": "#0"},
				"east": {"uv": [0, 2, 2, 4], "texture": "#0"},
				"south": {"uv": [6, 2, 8, 4], "texture": "#0"},
				"west": {"uv": [4, 2, 6, 4], "texture": "#0"},
				"up": {"uv": [2, 0, 4, 2], "texture": "#0"},
				"down": {"uv": [4, 0, 6, 2], "texture": "#0"}
			}
		},
		{
			"from": [-2, -3, -4],
			"to": [10, 0, 8],
			"faces": {
				"north": {"uv": [6, 0, 12, 1.5], "texture": "#1"},
				"east": {"uv": [6, 1.5, 12, 3], "texture": "#1"},
				"south": {"uv": [6, 3, 12, 4.5], "texture": "#1"},
				"west": {"uv": [6, 4.5, 12, 6], "texture": "#1"},
				"up": {"uv": [6, 6, 0, 0], "texture": "#1"},
				"down": {"uv": [6, 6, 0, 12], "texture": "#1"}
			}
		}
	],
	"display": {
		"thirdperson_righthand": {
			"translation": [1.25, 2.75, 4.25],
			"scale": [0.34, 0.34, 0.34]
		},
		"thirdperson_lefthand": {
			"translation": [-1.25, 2.75, 4],
			"scale": [0.34, 0.34, 0.34]
		},
		"firstperson_righthand": {
			"rotation": [-180, 42, -180],
			"translation": [0.75, 3, -4],
			"scale": [0.37, 0.37, 0.37]
		},
		"firstperson_lefthand": {
			"rotation": [-180, 42, -180],
			"translation": [1.5, 3, -2.5],
			"scale": [0.37, 0.37, 0.37]
		},
		"ground": {
			"translation": [0, 1.25, 0],
			"scale": [0.42, 0.42, 0.42]
		},
		"gui": {
			"rotation": [-180, 12.75, -180],
			"translation": [-2.25, 2.75, 0]
		},
		"head": {
			"translation": [4, 17.25, 6]
		},
		"fixed": {
			"rotation": [-90, 0, 0],
			"translation": [15.75, 23.75, -42.5],
			"scale": [4, 4, 4]
		}
	}
}