{
	"credit": "Made with Blockbench",
	"texture_size": [32, 32],
	"textures": {
		"1": "mark"
	},
	"elements": [
		{
			"from": [3, 6, 0],
			"to": [11, 16, 1],
			"faces": {
				"north": {"uv": [0, 0, 4, 5], "texture": "#1"},
				"east": {"uv": [0, 6.5, 0.5, 11.5], "texture": "#1"},
				"south": {"uv": [4, 0, 8, 5], "texture": "#1"},
				"west": {"uv": [0.5, 6.5, 1, 11.5], "texture": "#1"},
				"up": {"uv": [5, 7, 1, 6.5], "texture": "#1"},
				"down": {"uv": [5, 7, 1, 7.5], "texture": "#1"}
			}
		},
		{
			"from": [11, 9, 0],
			"to": [14, 11, 1],
			"faces": {
				"north": {"uv": [5, 7, 6.5, 8], "texture": "#1"},
				"east": {"uv": [7.5, 8, 8, 9], "texture": "#1"},
				"south": {"uv": [6.5, 7, 8, 8], "texture": "#1"},
				"west": {"uv": [1, 8.5, 1.5, 9.5], "texture": "#1"},
				"up": {"uv": [5.5, 8.5, 4, 8], "texture": "#1"},
				"down": {"uv": [9.5, 4, 8, 4.5], "texture": "#1"}
			}
		},
		{
			"from": [0, 9, 0],
			"to": [3, 11, 1],
			"faces": {
				"north": {"uv": [1, 7.5, 2.5, 8.5], "texture": "#1"},
				"east": {"uv": [1.5, 8.5, 2, 9.5], "texture": "#1"},
				"south": {"uv": [2.5, 7.5, 4, 8.5], "texture": "#1"},
				"west": {"uv": [2, 8.5, 2.5, 9.5], "texture": "#1"},
				"up": {"uv": [9.5, 5, 8, 4.5], "texture": "#1"},
				"down": {"uv": [7, 8, 5.5, 8.5], "texture": "#1"}
			}
		},
		{
			"from": [11, 8, 0],
			"to": [13, 9, 1],
			"faces": {
				"north": {"uv": [5, 6.5, 6, 7], "texture": "#1"},
				"east": {"uv": [8.5, 8, 9, 8.5], "texture": "#1"},
				"south": {"uv": [4, 7.5, 5, 8], "texture": "#1"},
				"west": {"uv": [8.5, 8.5, 9, 9], "texture": "#1"},
				"up": {"uv": [3.5, 9, 2.5, 8.5], "texture": "#1"},
				"down": {"uv": [4.5, 8.5, 3.5, 9], "texture": "#1"}
			}
		},
		{
			"from": [1, 8, 0],
			"to": [3, 9, 1],
			"faces": {
				"north": {"uv": [4.5, 8.5, 5.5, 9], "texture": "#1"},
				"east": {"uv": [2.5, 9, 3, 9.5], "texture": "#1"},
				"south": {"uv": [5.5, 8.5, 6.5, 9], "texture": "#1"},
				"west": {"uv": [3, 9, 3.5, 9.5], "texture": "#1"},
				"up": {"uv": [9.5, 7.5, 8.5, 7], "texture": "#1"},
				"down": {"uv": [9.5, 7.5, 8.5, 8], "texture": "#1"}
			}
		},
		{
			"from": [4, 4, 0],
			"to": [10, 6, 1],
			"faces": {
				"north": {"uv": [6, 5, 9, 6], "texture": "#1"},
				"east": {"uv": [6.5, 8.5, 7, 9.5], "texture": "#1"},
				"south": {"uv": [6, 6, 9, 7], "texture": "#1"},
				"west": {"uv": [8, 8.5, 8.5, 9.5], "texture": "#1"},
				"up": {"uv": [11, 0.5, 8, 0], "texture": "#1"},
				"down": {"uv": [11, 0.5, 8, 1], "texture": "#1"}
			}
		},
		{
			"from": [5, 3, 0],
			"to": [9, 4, 1],
			"faces": {
				"north": {"uv": [8, 2, 10, 2.5], "texture": "#1"},
				"east": {"uv": [3.5, 9, 4, 9.5], "texture": "#1"},
				"south": {"uv": [8, 2.5, 10, 3], "texture": "#1"},
				"west": {"uv": [4, 9, 4.5, 9.5], "texture": "#1"},
				"up": {"uv": [10, 3.5, 8, 3], "texture": "#1"},
				"down": {"uv": [10, 3.5, 8, 4], "texture": "#1"}
			}
		},
		{
			"from": [4, 16, 0],
			"to": [10, 19, 1],
			"faces": {
				"north": {"uv": [0, 5, 3, 6.5], "texture": "#1"},
				"east": {"uv": [7, 8, 7.5, 9.5], "texture": "#1"},
				"south": {"uv": [3, 5, 6, 6.5], "texture": "#1"},
				"west": {"uv": [8, 7, 8.5, 8.5], "texture": "#1"},
				"up": {"uv": [11, 1.5, 8, 1], "texture": "#1"},
				"down": {"uv": [11, 1.5, 8, 2], "texture": "#1"}
			}
		}
	],
	"display": {
		"thirdperson_righthand": {
			"translation": [0.5, 2, 5],
			"scale": [0.61, 0.61, 0.61]
		},
		"thirdperson_lefthand": {
			"translation": [-0.5, 2, 5.75],
			"scale": [0.61, 0.61, 0.61]
		},
		"firstperson_righthand": {
			"rotation": [-10.17, -52.35, -2.63],
			"translation": [0.75, -2, -2]
		},
		"firstperson_lefthand": {
			"rotation": [-10.33, -53.12, -2.83],
			"translation": [0.75, -2, -3.75]
		},
		"ground": {
			"rotation": [0, -19, 0],
			"translation": [0, 0, 5.25],
			"scale": [0.67, 0.67, 0.67]
		},
		"gui": {
			"translation": [1, -3, 0],
			"scale": [0.94, 0.94, 0.94]
		},
		"fixed": {
			"rotation": [0, -180, 0],
			"translation": [-1, -2.75, -7.75]
		}
	}
}