{
	"credit": "Made with Blockbench",
	"textures": {
		"3": "osa",
		"5": "oko",
		"6": "hair",
		"7": "poloski",
		"particle": "poloski"
	},
	"elements": [
		{
			"from": [3, 6, 0],
			"to": [11, 18, 1],
			"faces": {
				"north": {"uv": [0, 0, 4, 6], "texture": "#3"},
				"east": {"uv": [0, 6, 0.5, 12], "texture": "#3"},
				"south": {"uv": [4, 0, 8, 6], "texture": "#3"},
				"west": {"uv": [0.5, 6, 1, 12], "texture": "#3"},
				"up": {"uv": [5, 7.5, 1, 7], "texture": "#3"},
				"down": {"uv": [9, 7, 5, 7.5], "texture": "#3"}
			}
		},
		{
			"from": [11, 9, 0],
			"to": [14, 11, 1],
			"faces": {
				"north": {"uv": [7, 6, 8.5, 7], "texture": "#3"},
				"east": {"uv": [7, 8, 7.5, 9], "texture": "#3"},
				"south": {"uv": [1, 7.5, 2.5, 8.5], "texture": "#3"},
				"west": {"uv": [7.5, 8, 8, 9], "texture": "#3"},
				"up": {"uv": [9.5, 5, 8, 4.5], "texture": "#3"},
				"down": {"uv": [9.5, 5, 8, 5.5], "texture": "#3"}
			}
		},
		{
			"from": [0, 9, 0],
			"to": [3, 11, 1],
			"faces": {
				"north": {"uv": [2.5, 7.5, 4, 8.5], "texture": "#3"},
				"east": {"uv": [8, 8, 8.5, 9], "texture": "#3"},
				"south": {"uv": [4, 7.5, 5.5, 8.5], "texture": "#3"},
				"west": {"uv": [1, 8.5, 1.5, 9.5], "texture": "#3"},
				"up": {"uv": [7, 8.5, 5.5, 8], "texture": "#3"},
				"down": {"uv": [9.5, 5.5, 8, 6], "texture": "#3"}
			}
		},
		{
			"from": [11, 8, 0],
			"to": [13, 9, 1],
			"faces": {
				"north": {"uv": [1.5, 8.5, 2.5, 9], "texture": "#3"},
				"east": {"uv": [1.5, 9, 2, 9.5], "texture": "#3"},
				"south": {"uv": [2.5, 8.5, 3.5, 9], "texture": "#3"},
				"west": {"uv": [2, 9, 2.5, 9.5], "texture": "#3"},
				"up": {"uv": [4.5, 9, 3.5, 8.5], "texture": "#3"},
				"down": {"uv": [5.5, 8.5, 4.5, 9], "texture": "#3"}
			}
		},
		{
			"from": [1, 8, 0],
			"to": [3, 9, 1],
			"faces": {
				"north": {"uv": [5.5, 8.5, 6.5, 9], "texture": "#3"},
				"east": {"uv": [2.5, 9, 3, 9.5], "texture": "#3"},
				"south": {"uv": [8.5, 6, 9.5, 6.5], "texture": "#3"},
				"west": {"uv": [3, 9, 3.5, 9.5], "texture": "#3"},
				"up": {"uv": [9.5, 7, 8.5, 6.5], "texture": "#3"},
				"down": {"uv": [9.5, 7.5, 8.5, 8], "texture": "#3"}
			}
		},
		{
			"from": [4, 4, 0],
			"to": [10, 6, 1],
			"rotation": {"angle": 0, "axis": "y", "origin": [7, 5, 0.5]},
			"faces": {
				"north": {"uv": [1, 6, 4, 7], "texture": "#3"},
				"east": {"uv": [6.5, 8.5, 7, 9.5], "texture": "#3"},
				"south": {"uv": [4, 6, 7, 7], "texture": "#3"},
				"west": {"uv": [8.5, 8, 9, 9], "texture": "#3"},
				"up": {"uv": [8.5, 8, 5.5, 7.5], "texture": "#3"},
				"down": {"uv": [11, 0, 8, 0.5], "texture": "#3"}
			}
		},
		{
			"from": [5, 3, 0],
			"to": [9, 4, 1],
			"faces": {
				"north": {"uv": [8, 2.5, 10, 3], "texture": "#3"},
				"east": {"uv": [3.5, 9, 4, 9.5], "texture": "#3"},
				"south": {"uv": [8, 3, 10, 3.5], "texture": "#3"},
				"west": {"uv": [4, 9, 4.5, 9.5], "texture": "#3"},
				"up": {"uv": [10, 4, 8, 3.5], "texture": "#3"},
				"down": {"uv": [10, 4, 8, 4.5], "texture": "#3"}
			}
		},
		{
			"from": [4, 18, 0],
			"to": [10, 19, 1],
			"faces": {
				"north": {"uv": [8, 0.5, 11, 1], "texture": "#3"},
				"east": {"uv": [4.5, 9, 5, 9.5], "texture": "#3"},
				"south": {"uv": [8, 1, 11, 1.5], "texture": "#3"},
				"west": {"uv": [5, 9, 5.5, 9.5], "texture": "#3"},
				"up": {"uv": [11, 2, 8, 1.5], "texture": "#3"},
				"down": {"uv": [11, 2, 8, 2.5], "texture": "#3"}
			}
		},
		{
			"from": [4, 14, 0.35],
			"to": [6, 15, 1.35],
			"faces": {
				"north": {"uv": [0, 4, 2, 5], "texture": "#5"},
				"east": {"uv": [5, 4, 6, 5], "texture": "#5"},
				"south": {"uv": [4, 0, 6, 1], "texture": "#5"},
				"west": {"uv": [5, 5, 6, 6], "texture": "#5"},
				"up": {"uv": [6, 2, 4, 1], "texture": "#5"},
				"down": {"uv": [4, 4, 2, 5], "texture": "#5"}
			}
		},
		{
			"from": [8, 14, 0.35],
			"to": [10, 15, 1.35],
			"faces": {
				"north": {"uv": [0, 0, 2, 1], "texture": "#5"},
				"east": {"uv": [5, 2, 6, 3], "texture": "#5"},
				"south": {"uv": [0, 1, 2, 2], "texture": "#5"},
				"west": {"uv": [3, 5, 4, 6], "texture": "#5"},
				"up": {"uv": [2, 3, 0, 2], "texture": "#5"},
				"down": {"uv": [4, 0, 2, 1], "texture": "#5"}
			}
		},
		{
			"from": [3, 13, 0.35],
			"to": [4, 14, 1.35],
			"faces": {
				"north": {"uv": [0, 6, 1, 7], "texture": "#5"},
				"east": {"uv": [6, 0, 7, 1], "texture": "#5"},
				"south": {"uv": [1, 6, 2, 7], "texture": "#5"},
				"west": {"uv": [6, 1, 7, 2], "texture": "#5"},
				"up": {"uv": [3, 7, 2, 6], "texture": "#5"},
				"down": {"uv": [7, 2, 6, 3], "texture": "#5"}
			}
		},
		{
			"from": [6, 13, 0.25],
			"to": [8, 14, 1.25],
			"faces": {
				"north": {"uv": [2, 1, 4, 2], "texture": "#5"},
				"east": {"uv": [5, 3, 6, 4], "texture": "#5"},
				"south": {"uv": [2, 2, 4, 3], "texture": "#5"},
				"west": {"uv": [4, 5, 5, 6], "texture": "#5"},
				"up": {"uv": [2, 4, 0, 3], "texture": "#5"},
				"down": {"uv": [4, 3, 2, 4], "texture": "#5"}
			}
		},
		{
			"from": [10, 13, 0.35],
			"to": [11, 14, 1.35],
			"faces": {
				"north": {"uv": [4, 2, 5, 3], "texture": "#5"},
				"east": {"uv": [4, 3, 5, 4], "texture": "#5"},
				"south": {"uv": [4, 4, 5, 5], "texture": "#5"},
				"west": {"uv": [0, 5, 1, 6], "texture": "#5"},
				"up": {"uv": [2, 6, 1, 5], "texture": "#5"},
				"down": {"uv": [3, 5, 2, 6], "texture": "#5"}
			}
		},
		{
			"from": [10, 14, 0.3],
			"to": [11, 17, 1.3],
			"faces": {
				"north": {"uv": [3, 6, 4, 9], "texture": "#6"},
				"east": {"uv": [6, 3, 7, 6], "texture": "#6"},
				"south": {"uv": [4, 6, 5, 9], "texture": "#6"},
				"west": {"uv": [5, 6, 6, 9], "texture": "#6"},
				"up": {"uv": [2, 9, 1, 8], "texture": "#6"},
				"down": {"uv": [3, 8, 2, 9], "texture": "#6"}
			}
		},
		{
			"from": [7, 15, 0.3],
			"to": [10, 16, 1.3],
			"faces": {
				"north": {"uv": [0, 6, 3, 7], "texture": "#6"},
				"east": {"uv": [7, 5, 8, 6], "texture": "#6"},
				"south": {"uv": [6, 0, 9, 1], "texture": "#6"},
				"west": {"uv": [0, 8, 1, 9], "texture": "#6"},
				"up": {"uv": [9, 2, 6, 1], "texture": "#6"},
				"down": {"uv": [9, 2, 6, 3], "texture": "#6"}
			}
		},
		{
			"from": [6, 18, 0.3],
			"to": [9, 19, 1.3],
			"faces": {
				"north": {"uv": [6, 6, 9, 7], "texture": "#6"},
				"east": {"uv": [8, 5, 9, 6], "texture": "#6"},
				"south": {"uv": [0, 7, 3, 8], "texture": "#6"},
				"west": {"uv": [8, 7, 9, 8], "texture": "#6"},
				"up": {"uv": [10, 4, 7, 3], "texture": "#6"},
				"down": {"uv": [10, 4, 7, 5], "texture": "#6"}
			}
		},
		{
			"from": [4, 16, 0.3],
			"to": [10, 18, 1.3],
			"faces": {
				"north": {"uv": [0, 0, 6, 2], "texture": "#6"},
				"east": {"uv": [6, 7, 7, 9], "texture": "#6"},
				"south": {"uv": [0, 2, 6, 4], "texture": "#6"},
				"west": {"uv": [7, 7, 8, 9], "texture": "#6"},
				"up": {"uv": [6, 5, 0, 4], "texture": "#6"},
				"down": {"uv": [6, 5, 0, 6], "texture": "#6"}
			}
		},
		{
			"from": [11, 10.6, 1],
			"to": [13, 10.9, 1.1],
			"faces": {
				"north": {"uv": [0, 0, 2, 1], "texture": "#7"},
				"east": {"uv": [2, 5, 3, 6], "texture": "#7"},
				"south": {"uv": [0, 1, 2, 2], "texture": "#7"},
				"west": {"uv": [3, 5, 4, 6], "texture": "#7"},
				"up": {"uv": [2, 3, 0, 2], "texture": "#7"},
				"down": {"uv": [4, 0, 2, 1], "texture": "#7"}
			}
		},
		{
			"from": [1, 10.6, 1],
			"to": [3, 10.9, 1.1],
			"faces": {
				"north": {"uv": [2, 1, 4, 2], "texture": "#7"},
				"east": {"uv": [4, 5, 5, 6], "texture": "#7"},
				"south": {"uv": [2, 2, 4, 3], "texture": "#7"},
				"west": {"uv": [5, 5, 6, 6], "texture": "#7"},
				"up": {"uv": [2, 4, 0, 3], "texture": "#7"},
				"down": {"uv": [4, 3, 2, 4], "texture": "#7"}
			}
		},
		{
			"from": [1, 11, 0.4],
			"to": [3, 11.1, 0.7],
			"faces": {
				"north": {"uv": [0, 4, 2, 5], "texture": "#7"},
				"east": {"uv": [0, 6, 1, 7], "texture": "#7"},
				"south": {"uv": [4, 0, 6, 1], "texture": "#7"},
				"west": {"uv": [6, 0, 7, 1], "texture": "#7"},
				"up": {"uv": [6, 2, 4, 1], "texture": "#7"},
				"down": {"uv": [4, 4, 2, 5], "texture": "#7"}
			}
		},
		{
			"from": [11, 11, 0.4],
			"to": [13, 11.1, 0.7],
			"faces": {
				"north": {"uv": [0, 4, 2, 5], "texture": "#7"},
				"east": {"uv": [0, 6, 1, 7], "texture": "#7"},
				"south": {"uv": [4, 0, 6, 1], "texture": "#7"},
				"west": {"uv": [6, 0, 7, 1], "texture": "#7"},
				"up": {"uv": [6, 2, 4, 1], "texture": "#7"},
				"down": {"uv": [4, 4, 2, 5], "texture": "#7"}
			}
		}
	],
	"display": {
		"thirdperson_righthand": {
			"translation": [0.5, 2, 5],
			"scale": [0.61, 0.61, 0.61]
		},
		"thirdperson_lefthand": {
			"translation": [-0.5, 2, 5.75],
			"scale": [0.61, 0.61, 0.61]
		},
		"firstperson_righthand": {
			"rotation": [-10.17, -52.35, -2.63],
			"translation": [0.75, -2, -2]
		},
		"firstperson_lefthand": {
			"rotation": [-10.33, -53.12, -2.83],
			"translation": [0.75, -2, -3.75]
		},
		"ground": {
			"rotation": [0, -19, 0],
			"translation": [0, 0, 5.25],
			"scale": [0.67, 0.67, 0.67]
		},
		"gui": {
			"translation": [1, -3, 0],
			"scale": [0.94, 0.94, 0.94]
		},
		"fixed": {
			"rotation": [0, -180, 0],
			"translation": [-1, -2.75, -7.75]
		}
	},
	"groups": [
		0,
		1,
		2,
		3,
		4,
		5,
		6,
		7,
		{
			"name": "group",
			"origin": [0, 0, 0],
			"color": 0,
			"children": [8, 9, 10, 11, 12]
		},
		{
			"name": "group",
			"origin": [0, 0, 0],
			"color": 0,
			"children": [
				13,
				14,
				15,
				16,
				{
					"name": "group",
					"origin": [0, 0, 0],
					"color": 0,
					"children": [17, 18, 19, 20]
				}
			]
		}
	]
}