{
	"credit": "Made with Blockbench",
	"textures": {
		"0": "kuk",
		"1": "chelka",
		"2": "zat",
		"3": "shtan",
		"4": "blah",
		"5": "brosh",
		"particle": "kuk"
	},
	"elements": [
		{
			"from": [3, 7, 0],
			"to": [11, 18, 1],
			"faces": {
				"north": {"uv": [0, 0, 4, 6], "texture": "#0"},
				"east": {"uv": [0, 6, 0.5, 12], "texture": "#0"},
				"south": {"uv": [4, 0, 8, 5.5], "texture": "#0"},
				"west": {"uv": [0.5, 6, 1, 12], "texture": "#0"},
				"up": {"uv": [5, 7.5, 1, 7], "texture": "#0"},
				"down": {"uv": [9, 7, 5, 7.5], "texture": "#0"}
			}
		},
		{
			"from": [11, 9, 0],
			"to": [14, 11, 1],
			"faces": {
				"north": {"uv": [8, 0, 9.5, 1], "texture": "#0"},
				"east": {"uv": [2.5, 8.5, 3, 9.5], "texture": "#0"},
				"south": {"uv": [1, 8, 2.5, 9], "texture": "#0"},
				"west": {"uv": [3, 8.5, 3.5, 9.5], "texture": "#0"},
				"up": {"uv": [7, 8.5, 5.5, 8], "texture": "#0"},
				"down": {"uv": [9.5, 5.5, 8, 6], "texture": "#0"}
			}
		},
		{
			"from": [0, 9, 0],
			"to": [3, 11, 1],
			"faces": {
				"north": {"uv": [8, 1, 9.5, 2], "texture": "#0"},
				"east": {"uv": [3.5, 8.5, 4, 9.5], "texture": "#0"},
				"south": {"uv": [8, 2, 9.5, 3], "texture": "#0"},
				"west": {"uv": [4, 8.5, 4.5, 9.5], "texture": "#0"},
				"up": {"uv": [8.5, 8.5, 7, 8], "texture": "#0"},
				"down": {"uv": [9.5, 7.5, 8, 8], "texture": "#0"}
			}
		},
		{
			"from": [11, 8, 0],
			"to": [13, 9, 1],
			"faces": {
				"north": {"uv": [4.5, 8.5, 5.5, 9], "texture": "#0"},
				"east": {"uv": [6, 9, 6.5, 9.5], "texture": "#0"},
				"south": {"uv": [5.5, 8.5, 6.5, 9], "texture": "#0"},
				"west": {"uv": [6.5, 9, 7, 9.5], "texture": "#0"},
				"up": {"uv": [7.5, 9, 6.5, 8.5], "texture": "#0"},
				"down": {"uv": [8.5, 8.5, 7.5, 9], "texture": "#0"}
			}
		},
		{
			"from": [1, 8, 0],
			"to": [3, 9, 1],
			"faces": {
				"north": {"uv": [8.5, 8, 9.5, 8.5], "texture": "#0"},
				"east": {"uv": [7, 9, 7.5, 9.5], "texture": "#0"},
				"south": {"uv": [8.5, 8.5, 9.5, 9], "texture": "#0"},
				"west": {"uv": [9, 7, 9.5, 7.5], "texture": "#0"},
				"up": {"uv": [2, 9.5, 1, 9], "texture": "#0"},
				"down": {"uv": [5.5, 9, 4.5, 9.5], "texture": "#0"}
			}
		},
		{
			"from": [5, 3, 0],
			"to": [9, 4, 1],
			"faces": {
				"north": {"uv": [8, 3.5, 10, 4], "texture": "#0"},
				"east": {"uv": [7.5, 9, 8, 9.5], "texture": "#0"},
				"south": {"uv": [8, 4, 10, 4.5], "texture": "#0"},
				"west": {"uv": [8, 9, 8.5, 9.5], "texture": "#0"},
				"up": {"uv": [10, 5, 8, 4.5], "texture": "#0"},
				"down": {"uv": [10, 5, 8, 5.5], "texture": "#0"}
			}
		},
		{
			"from": [4, 18, 0],
			"to": [11, 19, 1],
			"faces": {
				"north": {"uv": [7, 6, 10.5, 6.5], "texture": "#0"},
				"east": {"uv": [8.5, 9, 9, 9.5], "texture": "#0"},
				"south": {"uv": [7, 6.5, 10.5, 7], "texture": "#0"},
				"west": {"uv": [9, 9, 9.5, 9.5], "texture": "#0"},
				"up": {"uv": [4.5, 8, 1, 7.5], "texture": "#0"},
				"down": {"uv": [8, 7.5, 4.5, 8], "texture": "#0"}
			}
		},
		{
			"from": [10, 15, 1],
			"to": [11.1, 18.9, 1.3],
			"faces": {
				"north": {"uv": [0, 0, 1, 4], "texture": "#1"},
				"east": {"uv": [1, 0, 2, 4], "texture": "#1"},
				"south": {"uv": [2, 0, 3, 4], "texture": "#1"},
				"west": {"uv": [3, 0, 4, 4], "texture": "#1"},
				"up": {"uv": [9, 3, 8, 2], "texture": "#1"},
				"down": {"uv": [4, 8, 3, 9], "texture": "#1"}
			}
		},
		{
			"from": [9, 16, 1],
			"to": [10, 18.9, 1.3],
			"faces": {
				"north": {"uv": [3, 5, 4, 8], "texture": "#1"},
				"east": {"uv": [4, 5, 5, 8], "texture": "#1"},
				"south": {"uv": [5, 5, 6, 8], "texture": "#1"},
				"west": {"uv": [6, 3, 7, 6], "texture": "#1"},
				"up": {"uv": [9, 2, 8, 1], "texture": "#1"},
				"down": {"uv": [3, 8, 2, 9], "texture": "#1"}
			}
		},
		{
			"from": [8, 17, 1],
			"to": [9, 18.9, 1.3],
			"faces": {
				"north": {"uv": [6, 6, 7, 8], "texture": "#1"},
				"east": {"uv": [7, 3, 8, 5], "texture": "#1"},
				"south": {"uv": [7, 5, 8, 7], "texture": "#1"},
				"west": {"uv": [7, 7, 8, 9], "texture": "#1"},
				"up": {"uv": [9, 1, 8, 0], "texture": "#1"},
				"down": {"uv": [2, 8, 1, 9], "texture": "#1"}
			}
		},
		{
			"from": [5, 18, 1],
			"to": [8, 18.9, 1.3],
			"faces": {
				"north": {"uv": [3, 4, 6, 5], "texture": "#1"},
				"east": {"uv": [5, 3, 6, 4], "texture": "#1"},
				"south": {"uv": [5, 0, 8, 1], "texture": "#1"},
				"west": {"uv": [0, 8, 1, 9], "texture": "#1"},
				"up": {"uv": [8, 2, 5, 1], "texture": "#1"},
				"down": {"uv": [8, 2, 5, 3], "texture": "#1"}
			}
		},
		{
			"from": [11, 15, 0],
			"to": [11.1, 18.9, 1],
			"faces": {
				"north": {"uv": [0, 4, 1, 8], "texture": "#1"},
				"east": {"uv": [4, 0, 5, 4], "texture": "#1"},
				"south": {"uv": [1, 4, 2, 8], "texture": "#1"},
				"west": {"uv": [2, 4, 3, 8], "texture": "#1"},
				"up": {"uv": [9, 4, 8, 3], "texture": "#1"},
				"down": {"uv": [5, 8, 4, 9], "texture": "#1"}
			}
		},
		{
			"from": [7, 18, -0.2],
			"to": [11.1, 19, 0],
			"faces": {
				"north": {"uv": [0, 0, 4, 1], "texture": "#2"},
				"east": {"uv": [3, 4, 4, 5], "texture": "#2"},
				"south": {"uv": [0, 1, 4, 2], "texture": "#2"},
				"west": {"uv": [4, 3, 5, 4], "texture": "#2"},
				"up": {"uv": [4, 3, 0, 2], "texture": "#2"},
				"down": {"uv": [4, 3, 0, 4], "texture": "#2"}
			}
		},
		{
			"from": [8, 17.2, -0.2],
			"to": [11.1, 18, 0],
			"faces": {
				"north": {"uv": [0, 4, 3, 5], "texture": "#2"},
				"east": {"uv": [4, 4, 5, 5], "texture": "#2"},
				"south": {"uv": [4, 0, 7, 1], "texture": "#2"},
				"west": {"uv": [0, 5, 1, 6], "texture": "#2"},
				"up": {"uv": [7, 2, 4, 1], "texture": "#2"},
				"down": {"uv": [7, 2, 4, 3], "texture": "#2"}
			}
		},
		{
			"from": [4, 4, 0],
			"to": [10, 7, 1],
			"faces": {
				"north": {"uv": [0, 0, 6, 3], "texture": "#3"},
				"east": {"uv": [6, 1, 7, 4], "texture": "#3"},
				"south": {"uv": [0, 3, 6, 6], "texture": "#3"},
				"west": {"uv": [6, 4, 7, 7], "texture": "#3"},
				"up": {"uv": [6, 7, 0, 6], "texture": "#3"},
				"down": {"uv": [12, 0, 6, 1], "texture": "#3"}
			}
		},
		{
			"from": [6, 6.8, 1],
			"to": [8, 7.2, 1.1],
			"faces": {
				"north": {"uv": [0, 0, 2, 1], "texture": "#4"},
				"east": {"uv": [3, 4, 4, 5], "texture": "#4"},
				"south": {"uv": [0, 1, 2, 2], "texture": "#4"},
				"west": {"uv": [4, 3, 5, 4], "texture": "#4"},
				"up": {"uv": [2, 3, 0, 2], "texture": "#4"},
				"down": {"uv": [4, 0, 2, 1], "texture": "#4"}
			}
		},
		{
			"from": [6, 5.7, 1],
			"to": [8, 6.1, 1.1],
			"faces": {
				"north": {"uv": [2, 1, 4, 2], "texture": "#4"},
				"east": {"uv": [5, 2, 6, 3], "texture": "#4"},
				"south": {"uv": [2, 2, 4, 3], "texture": "#4"},
				"west": {"uv": [3, 5, 4, 6], "texture": "#4"},
				"up": {"uv": [2, 4, 0, 3], "texture": "#4"},
				"down": {"uv": [4, 3, 2, 4], "texture": "#4"}
			}
		},
		{
			"from": [5.7, 5.9, 1],
			"to": [6, 7, 1.1],
			"faces": {
				"north": {"uv": [4, 4, 5, 5], "texture": "#4"},
				"east": {"uv": [0, 5, 1, 6], "texture": "#4"},
				"south": {"uv": [5, 0, 6, 1], "texture": "#4"},
				"west": {"uv": [1, 5, 2, 6], "texture": "#4"},
				"up": {"uv": [6, 2, 5, 1], "texture": "#4"},
				"down": {"uv": [3, 5, 2, 6], "texture": "#4"}
			}
		},
		{
			"from": [8, 5.9, 1],
			"to": [8.3, 7, 1.1],
			"faces": {
				"north": {"uv": [0, 4, 1, 5], "texture": "#4"},
				"east": {"uv": [4, 0, 5, 1], "texture": "#4"},
				"south": {"uv": [1, 4, 2, 5], "texture": "#4"},
				"west": {"uv": [4, 1, 5, 2], "texture": "#4"},
				"up": {"uv": [3, 5, 2, 4], "texture": "#4"},
				"down": {"uv": [5, 2, 4, 3], "texture": "#4"}
			}
		},
		{
			"from": [4.6, 8.5, 1],
			"to": [5.5, 9.8, 1.1],
			"faces": {
				"north": {"uv": [0, 0, 1, 1], "texture": "#5"},
				"east": {"uv": [0, 1, 1, 2], "texture": "#5"},
				"south": {"uv": [1, 0.4, 2, 1.7], "texture": "#5"},
				"west": {"uv": [1, 1, 2, 2], "texture": "#5"},
				"up": {"uv": [1, 3, 0, 2], "texture": "#5"},
				"down": {"uv": [3, 0, 2, 1], "texture": "#5"}
			}
		}
	],
	"display": {
		"thirdperson_righthand": {
			"translation": [0.5, 2, 5],
			"scale": [0.61, 0.61, 0.61]
		},
		"thirdperson_lefthand": {
			"translation": [-0.5, 2, 5.75],
			"scale": [0.61, 0.61, 0.61]
		},
		"firstperson_righthand": {
			"rotation": [-10.17, -52.35, -2.63],
			"translation": [0.75, -2, -2]
		},
		"firstperson_lefthand": {
			"rotation": [-10.33, -53.12, -2.83],
			"translation": [0.75, -2, -3.75]
		},
		"ground": {
			"rotation": [0, -19, 0],
			"translation": [0, 0, 5.25],
			"scale": [0.67, 0.67, 0.67]
		},
		"gui": {
			"translation": [1, -3, 0],
			"scale": [0.94, 0.94, 0.94]
		},
		"fixed": {
			"rotation": [0, -180, 0],
			"translation": [-1, -2.75, -7.75]
		}
	},
	"groups": [
		0,
		1,
		2,
		3,
		4,
		5,
		6,
		{
			"name": "group",
			"origin": [0, 0, 0],
			"color": 0,
			"children": []
		},
		{
			"name": "group",
			"origin": [0, 0, 0],
			"color": 0,
			"children": [
				{
					"name": "group",
					"origin": [0, 0, 0],
					"color": 0,
					"children": []
				}
			]
		},
		7,
		8,
		9,
		10,
		11,
		12,
		13,
		14,
		15,
		16,
		17,
		18,
		19
	]
}