{
	"credit": "Made with Blockbench",
	"texture_size": [64, 64],
	"textures": {
		"0": "A",
		"1": "fund",
		"2": "sword",
		"5": "horse",
		"particle": "A"
	},
	"elements": [
		{
			"from": [0, 13, -2],
			"to": [7, 19, 3],
			"rotation": {"angle": 45, "axis": "x", "origin": [4, 7, 12]},
			"faces": {
				"north": {"uv": [1.75, 3.25, 3.25, 5], "texture": "#5"},
				"east": {"uv": [0, 5, 1.75, 6.25], "rotation": 90, "texture": "#5"},
				"south": {"uv": [5, 5, 6.5, 6.25], "texture": "#5"},
				"west": {"uv": [3.25, 5, 5, 6.25], "rotation": 270, "texture": "#5"},
				"up": {"uv": [4.75, 5, 3.25, 3.25], "texture": "#5"},
				"down": {"uv": [3.25, 5, 1.75, 6.25], "texture": "#5"}
			}
		},
		{
			"from": [1, 13, 3],
			"to": [6, 19, 12],
			"rotation": {"angle": 45, "axis": "x", "origin": [4, 7, 12]},
			"faces": {
				"north": {"uv": [2.25, 12.75, 3.5, 14.25], "texture": "#5"},
				"east": {"uv": [0, 10.5, 2.25, 12], "texture": "#5"},
				"south": {"uv": [3.5, 12.75, 4.75, 14.25], "texture": "#5"},
				"west": {"uv": [0, 12, 2.25, 13.5], "texture": "#5"},
				"up": {"uv": [4.75, 12.75, 3.5, 10.5], "texture": "#5"},
				"down": {"uv": [3.5, 10.5, 2.25, 12.75], "texture": "#5"}
			}
		},
		{
			"from": [1, 8, -2],
			"to": [6, 13, 3],
			"rotation": {"angle": 45, "axis": "x", "origin": [4, 7, 12]},
			"faces": {
				"north": {"uv": [1.25, 6.25, 2.25, 7.5], "texture": "#5"},
				"east": {"uv": [0, 7.5, 1.25, 8.75], "rotation": 90, "texture": "#5"},
				"south": {"uv": [2.25, 6.25, 3.25, 7.5], "texture": "#5"},
				"west": {"uv": [2.25, 7.5, 3.5, 8.75], "rotation": 270, "texture": "#5"},
				"up": {"uv": [4.5, 8.75, 3.5, 7.5], "texture": "#5"},
				"down": {"uv": [2.25, 7.5, 1.25, 8.75], "rotation": 180, "texture": "#5"}
			}
		},
		{
			"from": [0.25, 25.1434, 7.84924],
			"to": [2.25, 26.1434, 10.84924],
			"rotation": {"angle": 45, "axis": "x", "origin": [2, 25, 9]},
			"faces": {
				"north": {"uv": [3.75, 4.5, 4.25, 4.75], "texture": "#5"},
				"east": {"uv": [4.25, 5.5, 5, 5.75], "texture": "#5"},
				"south": {"uv": [3.5, 4.25, 4, 4.5], "texture": "#5"},
				"west": {"uv": [4.25, 5.75, 5, 6], "texture": "#5"},
				"up": {"uv": [2.25, 5, 1.75, 4.25], "texture": "#5"},
				"down": {"uv": [2.75, 5, 2.25, 5.75], "texture": "#5"}
			}
		},
		{
			"from": [4.75, 25.1434, 7.74924],
			"to": [6.75, 26.1434, 10.74924],
			"rotation": {"angle": 45, "axis": "x", "origin": [5, 25, 9]},
			"faces": {
				"north": {"uv": [1.75, 4, 2.25, 4.25], "texture": "#5"},
				"east": {"uv": [2.75, 4, 3.5, 4.25], "texture": "#5"},
				"south": {"uv": [2.25, 4.5, 2.75, 4.75], "texture": "#5"},
				"west": {"uv": [2.5, 5.5, 3.25, 5.75], "texture": "#5"},
				"up": {"uv": [6, 5, 5.5, 4.25], "texture": "#5"},
				"down": {"uv": [5.25, 5, 4.75, 5.75], "texture": "#5"}
			}
		},
		{
			"from": [2, 19, -2],
			"to": [4, 21, 11],
			"rotation": {"angle": 45, "axis": "x", "origin": [4, 7, 12]},
			"faces": {
				"north": {"uv": [6.75, 9.25, 7.25, 9.75], "texture": "#5"},
				"east": {"uv": [5.5, 11, 8.75, 11.5], "texture": "#5"},
				"south": {"uv": [6.25, 9.5, 6.75, 10], "texture": "#5"},
				"west": {"uv": [5.5, 11.5, 8.75, 12], "texture": "#5"},
				"up": {"uv": [7.25, 13, 6.75, 9.75], "texture": "#5"},
				"down": {"uv": [6.75, 10, 6.25, 13.25], "texture": "#5"}
			}
		},
		{
			"from": [3, 0, 29],
			"to": [4, 1, 31],
			"rotation": {"angle": 0, "axis": "y", "origin": [4, 7, 12]},
			"faces": {
				"north": {"uv": [0, 0, 0.25, 0.25], "texture": "#5"},
				"east": {"uv": [0, 0, 0.5, 0.25], "texture": "#5"},
				"south": {"uv": [0, 0, 0.25, 0.25], "texture": "#5"},
				"west": {"uv": [0, 0, 0.5, 0.25], "texture": "#5"},
				"up": {"uv": [0, 0, 0.25, 0.5], "texture": "#5"},
				"down": {"uv": [0, 0, 0.25, 0.5], "texture": "#5"}
			}
		},
		{
			"from": [3, 1, 30],
			"to": [4, 2, 31],
			"rotation": {"angle": 0, "axis": "y", "origin": [4, 7, 12]},
			"faces": {
				"north": {"uv": [0, 0, 0.25, 0.25], "texture": "#5"},
				"east": {"uv": [0, 0, 0.25, 0.25], "texture": "#5"},
				"south": {"uv": [0, 0, 0.25, 0.25], "texture": "#5"},
				"west": {"uv": [0, 0, 0.25, 0.25], "texture": "#5"},
				"up": {"uv": [0, 0, 0.25, 0.25], "texture": "#5"},
				"down": {"uv": [0, 0, 0.25, 0.25], "texture": "#5"}
			}
		},
		{
			"from": [3, 3, 28],
			"to": [4, 4, 29],
			"rotation": {"angle": 0, "axis": "y", "origin": [4, 7, 12]},
			"faces": {
				"north": {"uv": [0, 0, 0.25, 0.25], "texture": "#5"},
				"east": {"uv": [0, 0, 0.25, 0.25], "texture": "#5"},
				"south": {"uv": [0, 0, 0.25, 0.25], "texture": "#5"},
				"west": {"uv": [0, 0, 0.25, 0.25], "texture": "#5"},
				"up": {"uv": [0, 0, 0.25, 0.25], "texture": "#5"},
				"down": {"uv": [0, 0, 0.25, 0.25], "texture": "#5"}
			}
		},
		{
			"from": [3, 4, 27],
			"to": [4, 5, 28],
			"rotation": {"angle": 0, "axis": "y", "origin": [4, 7, 12]},
			"faces": {
				"north": {"uv": [0, 0, 0.25, 0.25], "texture": "#5"},
				"east": {"uv": [0, 0, 0.25, 0.25], "texture": "#5"},
				"south": {"uv": [0, 0, 0.25, 0.25], "texture": "#5"},
				"west": {"uv": [0, 0, 0.25, 0.25], "texture": "#5"},
				"up": {"uv": [0, 0, 0.25, 0.25], "texture": "#5"},
				"down": {"uv": [0, 0, 0.25, 0.25], "texture": "#5"}
			}
		},
		{
			"from": [3, 5, 26],
			"to": [4, 6, 27],
			"rotation": {"angle": 0, "axis": "y", "origin": [4, 7, 12]},
			"faces": {
				"north": {"uv": [0, 0, 0.25, 0.25], "texture": "#5"},
				"east": {"uv": [0, 0, 0.25, 0.25], "texture": "#5"},
				"south": {"uv": [0, 0, 0.25, 0.25], "texture": "#5"},
				"west": {"uv": [0, 0, 0.25, 0.25], "texture": "#5"},
				"up": {"uv": [0, 0, 0.25, 0.25], "texture": "#5"},
				"down": {"uv": [0, 0, 0.25, 0.25], "texture": "#5"}
			}
		},
		{
			"from": [3, 1, 29],
			"to": [4, 3, 30],
			"rotation": {"angle": 0, "axis": "y", "origin": [4, 7, 12]},
			"faces": {
				"north": {"uv": [0, 0, 0.25, 0.5], "texture": "#5"},
				"east": {"uv": [0, 0, 0.25, 0.5], "texture": "#5"},
				"south": {"uv": [0, 0, 0.25, 0.5], "texture": "#5"},
				"west": {"uv": [0, 0, 0.25, 0.5], "texture": "#5"},
				"up": {"uv": [0, 0, 0.25, 0.25], "texture": "#5"},
				"down": {"uv": [0, 0, 0.25, 0.25], "texture": "#5"}
			}
		},
		{
			"from": [3, 1, 28],
			"to": [4, 3, 29],
			"rotation": {"angle": 0, "axis": "y", "origin": [4, 7, 12]},
			"faces": {
				"north": {"uv": [0, 0, 0.25, 0.5], "texture": "#5"},
				"east": {"uv": [0, 0, 0.25, 0.5], "texture": "#5"},
				"south": {"uv": [0, 0, 0.25, 0.5], "texture": "#5"},
				"west": {"uv": [0, 0, 0.25, 0.5], "texture": "#5"},
				"up": {"uv": [0, 0, 0.25, 0.25], "texture": "#5"},
				"down": {"uv": [0, 0, 0.25, 0.25], "texture": "#5"}
			}
		},
		{
			"from": [3, 2, 27],
			"to": [4, 4, 28],
			"rotation": {"angle": 0, "axis": "y", "origin": [4, 7, 12]},
			"faces": {
				"north": {"uv": [0, 0, 0.25, 0.5], "texture": "#5"},
				"east": {"uv": [0, 0, 0.25, 0.5], "texture": "#5"},
				"south": {"uv": [0, 0, 0.25, 0.5], "texture": "#5"},
				"west": {"uv": [0, 0, 0.25, 0.5], "texture": "#5"},
				"up": {"uv": [0, 0, 0.25, 0.25], "texture": "#5"},
				"down": {"uv": [0, 0, 0.25, 0.25], "texture": "#5"}
			}
		},
		{
			"from": [3, 3, 26],
			"to": [4, 5, 27],
			"rotation": {"angle": 0, "axis": "y", "origin": [4, 7, 12]},
			"faces": {
				"north": {"uv": [0, 0, 0.25, 0.5], "texture": "#5"},
				"east": {"uv": [0, 0, 0.25, 0.5], "texture": "#5"},
				"south": {"uv": [0, 0, 0.25, 0.5], "texture": "#5"},
				"west": {"uv": [0, 0, 0.25, 0.5], "texture": "#5"},
				"up": {"uv": [0, 0, 0.25, 0.25], "texture": "#5"},
				"down": {"uv": [0, 0, 0.25, 0.25], "texture": "#5"}
			}
		},
		{
			"from": [3, 4, 25],
			"to": [4, 6, 26],
			"rotation": {"angle": 0, "axis": "y", "origin": [4, 7, 12]},
			"faces": {
				"north": {"uv": [0, 0, 0.25, 0.5], "texture": "#5"},
				"east": {"uv": [0, 0, 0.25, 0.5], "texture": "#5"},
				"south": {"uv": [0, 0, 0.25, 0.5], "texture": "#5"},
				"west": {"uv": [0, 0, 0.25, 0.5], "texture": "#5"},
				"up": {"uv": [0, 0, 0.25, 0.25], "texture": "#5"},
				"down": {"uv": [0, 0, 0.25, 0.25], "texture": "#5"}
			}
		},
		{
			"from": [3, 5, 24],
			"to": [4, 7, 25],
			"rotation": {"angle": 0, "axis": "y", "origin": [4, 7, 12]},
			"faces": {
				"north": {"uv": [0, 0, 0.25, 0.5], "texture": "#5"},
				"east": {"uv": [0, 0, 0.25, 0.5], "texture": "#5"},
				"south": {"uv": [0, 0, 0.25, 0.5], "texture": "#5"},
				"west": {"uv": [0, 0, 0.25, 0.5], "texture": "#5"},
				"up": {"uv": [0, 0, 0.25, 0.25], "texture": "#5"},
				"down": {"uv": [0, 0, 0.25, 0.25], "texture": "#5"}
			}
		},
		{
			"from": [3, 6, 25],
			"to": [4, 7, 26],
			"rotation": {"angle": 0, "axis": "y", "origin": [4, 7, 12]},
			"faces": {
				"north": {"uv": [0, 0, 0.25, 0.25], "texture": "#5"},
				"east": {"uv": [0, 0, 0.25, 0.25], "texture": "#5"},
				"south": {"uv": [0, 0, 0.25, 0.25], "texture": "#5"},
				"west": {"uv": [0, 0, 0.25, 0.25], "texture": "#5"},
				"up": {"uv": [0, 0, 0.25, 0.25], "texture": "#5"},
				"down": {"uv": [0, 0, 0.25, 0.25], "texture": "#5"}
			}
		},
		{
			"from": [3, 6, 23],
			"to": [4, 8, 24],
			"rotation": {"angle": 0, "axis": "y", "origin": [4, 7, 12]},
			"faces": {
				"north": {"uv": [0, 0, 0.25, 0.5], "texture": "#5"},
				"east": {"uv": [0, 0, 0.25, 0.5], "texture": "#5"},
				"south": {"uv": [0, 0, 0.25, 0.5], "texture": "#5"},
				"west": {"uv": [0, 0, 0.25, 0.5], "texture": "#5"},
				"up": {"uv": [0, 0, 0.25, 0.25], "texture": "#5"},
				"down": {"uv": [0, 0, 0.25, 0.25], "texture": "#5"}
			}
		},
		{
			"from": [3, 7, 24],
			"to": [4, 8, 25],
			"rotation": {"angle": 0, "axis": "y", "origin": [4, 7, 12]},
			"faces": {
				"north": {"uv": [0, 0, 0.25, 0.25], "texture": "#5"},
				"east": {"uv": [0, 0, 0.25, 0.25], "texture": "#5"},
				"south": {"uv": [0, 0, 0.25, 0.25], "texture": "#5"},
				"west": {"uv": [0, 0, 0.25, 0.25], "texture": "#5"},
				"up": {"uv": [0, 0, 0.25, 0.25], "texture": "#5"},
				"down": {"uv": [0, 0, 0.25, 0.25], "texture": "#5"}
			}
		},
		{
			"from": [3, 10, 19],
			"to": [4, 12, 20],
			"rotation": {"angle": 0, "axis": "y", "origin": [4, 7, 12]},
			"faces": {
				"north": {"uv": [0, 0, 0.25, 0.5], "texture": "#5"},
				"east": {"uv": [0, 0, 0.25, 0.5], "texture": "#5"},
				"south": {"uv": [0, 0, 0.25, 0.5], "texture": "#5"},
				"west": {"uv": [0, 0, 0.25, 0.5], "texture": "#5"},
				"up": {"uv": [0, 0, 0.25, 0.25], "texture": "#5"},
				"down": {"uv": [0, 0, 0.25, 0.25], "texture": "#5"}
			}
		},
		{
			"from": [3, 11, 20],
			"to": [4, 12, 21],
			"rotation": {"angle": 0, "axis": "y", "origin": [4, 7, 12]},
			"faces": {
				"north": {"uv": [0, 0, 0.25, 0.25], "texture": "#5"},
				"east": {"uv": [0, 0, 0.25, 0.25], "texture": "#5"},
				"south": {"uv": [0, 0, 0.25, 0.25], "texture": "#5"},
				"west": {"uv": [0, 0, 0.25, 0.25], "texture": "#5"},
				"up": {"uv": [0, 0, 0.25, 0.25], "texture": "#5"},
				"down": {"uv": [0, 0, 0.25, 0.25], "texture": "#5"}
			}
		},
		{
			"from": [3, 9, 20],
			"to": [4, 11, 21],
			"rotation": {"angle": 0, "axis": "y", "origin": [4, 7, 12]},
			"faces": {
				"north": {"uv": [0, 0, 0.25, 0.5], "texture": "#5"},
				"east": {"uv": [0, 0, 0.25, 0.5], "texture": "#5"},
				"south": {"uv": [0, 0, 0.25, 0.5], "texture": "#5"},
				"west": {"uv": [0, 0, 0.25, 0.5], "texture": "#5"},
				"up": {"uv": [0, 0, 0.25, 0.25], "texture": "#5"},
				"down": {"uv": [0, 0, 0.25, 0.25], "texture": "#5"}
			}
		},
		{
			"from": [3, 10, 21],
			"to": [4, 11, 22],
			"rotation": {"angle": 0, "axis": "y", "origin": [4, 7, 12]},
			"faces": {
				"north": {"uv": [0, 0, 0.25, 0.25], "texture": "#5"},
				"east": {"uv": [0, 0, 0.25, 0.25], "texture": "#5"},
				"south": {"uv": [0, 0, 0.25, 0.25], "texture": "#5"},
				"west": {"uv": [0, 0, 0.25, 0.25], "texture": "#5"},
				"up": {"uv": [0, 0, 0.25, 0.25], "texture": "#5"},
				"down": {"uv": [0, 0, 0.25, 0.25], "texture": "#5"}
			}
		},
		{
			"from": [3, 7, 22],
			"to": [4, 9, 23],
			"rotation": {"angle": 0, "axis": "y", "origin": [4, 7, 12]},
			"faces": {
				"north": {"uv": [0, 0, 0.25, 0.5], "texture": "#5"},
				"east": {"uv": [0, 0, 0.25, 0.5], "texture": "#5"},
				"south": {"uv": [0, 0, 0.25, 0.5], "texture": "#5"},
				"west": {"uv": [0, 0, 0.25, 0.5], "texture": "#5"},
				"up": {"uv": [0, 0, 0.25, 0.25], "texture": "#5"},
				"down": {"uv": [0, 0, 0.25, 0.25], "texture": "#5"}
			}
		},
		{
			"from": [3, 8, 21],
			"to": [4, 10, 22],
			"rotation": {"angle": 0, "axis": "y", "origin": [4, 7, 12]},
			"faces": {
				"north": {"uv": [0, 0, 0.25, 0.5], "texture": "#5"},
				"east": {"uv": [0, 0, 0.25, 0.5], "texture": "#5"},
				"south": {"uv": [0, 0, 0.25, 0.5], "texture": "#5"},
				"west": {"uv": [0, 0, 0.25, 0.5], "texture": "#5"},
				"up": {"uv": [0, 0, 0.25, 0.25], "texture": "#5"},
				"down": {"uv": [0, 0, 0.25, 0.25], "texture": "#5"}
			}
		},
		{
			"from": [3, 9, 22],
			"to": [4, 10, 23],
			"rotation": {"angle": 0, "axis": "y", "origin": [4, 7, 12]},
			"faces": {
				"north": {"uv": [0, 0, 0.25, 0.25], "texture": "#5"},
				"east": {"uv": [0, 0, 0.25, 0.25], "texture": "#5"},
				"south": {"uv": [0, 0, 0.25, 0.25], "texture": "#5"},
				"west": {"uv": [0, 0, 0.25, 0.25], "texture": "#5"},
				"up": {"uv": [0, 0, 0.25, 0.25], "texture": "#5"},
				"down": {"uv": [0, 0, 0.25, 0.25], "texture": "#5"}
			}
		},
		{
			"from": [3, 8, 23],
			"to": [4, 9, 24],
			"rotation": {"angle": 0, "axis": "y", "origin": [4, 7, 12]},
			"faces": {
				"north": {"uv": [0, 0, 0.25, 0.25], "texture": "#5"},
				"east": {"uv": [0, 0, 0.25, 0.25], "texture": "#5"},
				"south": {"uv": [0, 0, 0.25, 0.25], "texture": "#5"},
				"west": {"uv": [0, 0, 0.25, 0.25], "texture": "#5"},
				"up": {"uv": [0, 0, 0.25, 0.25], "texture": "#5"},
				"down": {"uv": [0, 0, 0.25, 0.25], "texture": "#5"}
			}
		},
		{
			"from": [3, 14, 15],
			"to": [4, 16, 16],
			"rotation": {"angle": 0, "axis": "y", "origin": [4, 7, 12]},
			"faces": {
				"north": {"uv": [0, 0, 0.25, 0.5], "texture": "#5"},
				"east": {"uv": [0, 0, 0.25, 0.5], "texture": "#5"},
				"south": {"uv": [0, 0, 0.25, 0.5], "texture": "#5"},
				"west": {"uv": [0, 0, 0.25, 0.5], "texture": "#5"},
				"up": {"uv": [0, 0, 0.25, 0.25], "texture": "#5"},
				"down": {"uv": [0, 0, 0.25, 0.25], "texture": "#5"}
			}
		},
		{
			"from": [3, 15, 16],
			"to": [4, 16, 17],
			"rotation": {"angle": 0, "axis": "y", "origin": [4, 7, 12]},
			"faces": {
				"north": {"uv": [0, 0, 0.25, 0.25], "texture": "#5"},
				"east": {"uv": [0, 0, 0.25, 0.25], "texture": "#5"},
				"south": {"uv": [0, 0, 0.25, 0.25], "texture": "#5"},
				"west": {"uv": [0, 0, 0.25, 0.25], "texture": "#5"},
				"up": {"uv": [0, 0, 0.25, 0.25], "texture": "#5"},
				"down": {"uv": [0, 0, 0.25, 0.25], "texture": "#5"}
			}
		},
		{
			"from": [3, 13, 16],
			"to": [4, 15, 17],
			"rotation": {"angle": 0, "axis": "y", "origin": [4, 7, 12]},
			"faces": {
				"north": {"uv": [0, 0, 0.25, 0.5], "texture": "#5"},
				"east": {"uv": [0, 0, 0.25, 0.5], "texture": "#5"},
				"south": {"uv": [0, 0, 0.25, 0.5], "texture": "#5"},
				"west": {"uv": [0, 0, 0.25, 0.5], "texture": "#5"},
				"up": {"uv": [0, 0, 0.25, 0.25], "texture": "#5"},
				"down": {"uv": [0, 0, 0.25, 0.25], "texture": "#5"}
			}
		},
		{
			"from": [3, 14, 17],
			"to": [4, 15, 18],
			"rotation": {"angle": 0, "axis": "y", "origin": [4, 7, 12]},
			"faces": {
				"north": {"uv": [0, 0, 0.25, 0.25], "texture": "#5"},
				"east": {"uv": [0, 0, 0.25, 0.25], "texture": "#5"},
				"south": {"uv": [0, 0, 0.25, 0.25], "texture": "#5"},
				"west": {"uv": [0, 0, 0.25, 0.25], "texture": "#5"},
				"up": {"uv": [0, 0, 0.25, 0.25], "texture": "#5"},
				"down": {"uv": [0, 0, 0.25, 0.25], "texture": "#5"}
			}
		},
		{
			"from": [3, 11, 18],
			"to": [4, 13, 19],
			"rotation": {"angle": 0, "axis": "y", "origin": [4, 7, 12]},
			"faces": {
				"north": {"uv": [0, 0, 0.25, 0.5], "texture": "#5"},
				"east": {"uv": [0, 0, 0.25, 0.5], "texture": "#5"},
				"south": {"uv": [0, 0, 0.25, 0.5], "texture": "#5"},
				"west": {"uv": [0, 0, 0.25, 0.5], "texture": "#5"},
				"up": {"uv": [0, 0, 0.25, 0.25], "texture": "#5"},
				"down": {"uv": [0, 0, 0.25, 0.25], "texture": "#5"}
			}
		},
		{
			"from": [3, 12, 17],
			"to": [4, 14, 18],
			"rotation": {"angle": 0, "axis": "y", "origin": [4, 7, 12]},
			"faces": {
				"north": {"uv": [0, 0, 0.25, 0.5], "texture": "#5"},
				"east": {"uv": [0, 0, 0.25, 0.5], "texture": "#5"},
				"south": {"uv": [0, 0, 0.25, 0.5], "texture": "#5"},
				"west": {"uv": [0, 0, 0.25, 0.5], "texture": "#5"},
				"up": {"uv": [0, 0, 0.25, 0.25], "texture": "#5"},
				"down": {"uv": [0, 0, 0.25, 0.25], "texture": "#5"}
			}
		},
		{
			"from": [3, 13, 18],
			"to": [4, 14, 19],
			"rotation": {"angle": 0, "axis": "y", "origin": [4, 7, 12]},
			"faces": {
				"north": {"uv": [0, 0, 0.25, 0.25], "texture": "#5"},
				"east": {"uv": [0, 0, 0.25, 0.25], "texture": "#5"},
				"south": {"uv": [0, 0, 0.25, 0.25], "texture": "#5"},
				"west": {"uv": [0, 0, 0.25, 0.25], "texture": "#5"},
				"up": {"uv": [0, 0, 0.25, 0.25], "texture": "#5"},
				"down": {"uv": [0, 0, 0.25, 0.25], "texture": "#5"}
			}
		},
		{
			"from": [3, 12, 19],
			"to": [4, 13, 20],
			"rotation": {"angle": 0, "axis": "y", "origin": [4, 7, 12]},
			"faces": {
				"north": {"uv": [0, 0, 0.25, 0.25], "texture": "#5"},
				"east": {"uv": [0, 0, 0.25, 0.25], "texture": "#5"},
				"south": {"uv": [0, 0, 0.25, 0.25], "texture": "#5"},
				"west": {"uv": [0, 0, 0.25, 0.25], "texture": "#5"},
				"up": {"uv": [0, 0, 0.25, 0.25], "texture": "#5"},
				"down": {"uv": [0, 0, 0.25, 0.25], "texture": "#5"}
			}
		},
		{
			"from": [9, 15.68495, 18.45469],
			"to": [10, 18.68495, 21.45469],
			"rotation": {"angle": 0, "axis": "y", "origin": [4, 26, 10]},
			"faces": {
				"north": {"uv": [7, 0, 5.5, 0.5], "rotation": 270, "texture": "#2"},
				"east": {"uv": [0, 1.5, 1.5, 3], "rotation": 270, "texture": "#2"},
				"south": {"uv": [6.5, 5.5, 5, 5], "rotation": 270, "texture": "#2"},
				"west": {"uv": [0, 0, 1.5, 1.5], "rotation": 90, "texture": "#2"},
				"up": {"uv": [5, 2, 5.5, 3.5], "rotation": 180, "texture": "#2"},
				"down": {"uv": [5, 3.5, 5.5, 5], "texture": "#2"}
			}
		},
		{
			"from": [9, 17.68495, 17.45469],
			"to": [10, 18.68495, 18.45469],
			"rotation": {"angle": 0, "axis": "y", "origin": [4, 26, 10]},
			"faces": {
				"north": {"uv": [8.5, 7, 8, 7.5], "rotation": 270, "texture": "#2"},
				"east": {"uv": [8, 6, 8.5, 6.5], "rotation": 270, "texture": "#2"},
				"south": {"uv": [8.5, 7, 8, 6.5], "rotation": 270, "texture": "#2"},
				"west": {"uv": [8, 5.5, 8.5, 6], "rotation": 90, "texture": "#2"},
				"up": {"uv": [6, 8, 6.5, 8.5], "rotation": 180, "texture": "#2"},
				"down": {"uv": [6.5, 8, 7, 8.5], "texture": "#2"}
			}
		},
		{
			"from": [9, 24.68495, 13.45469],
			"to": [10, 25.68495, 14.45469],
			"rotation": {"angle": 0, "axis": "y", "origin": [4, 26, 10]},
			"faces": {
				"north": {"uv": [2, 8.5, 1.5, 9], "rotation": 270, "texture": "#2"},
				"east": {"uv": [0, 8.5, 0.5, 9], "rotation": 270, "texture": "#2"},
				"south": {"uv": [9, 1, 8.5, 0.5], "rotation": 270, "texture": "#2"},
				"west": {"uv": [8, 7.5, 8.5, 8], "rotation": 90, "texture": "#2"},
				"up": {"uv": [8, 8, 8.5, 8.5], "rotation": 180, "texture": "#2"},
				"down": {"uv": [8.5, 0, 9, 0.5], "texture": "#2"}
			}
		},
		{
			"from": [9, 24.68495, 12.45469],
			"to": [10, 26.68495, 13.45469],
			"rotation": {"angle": 0, "axis": "y", "origin": [4, 26, 10]},
			"faces": {
				"north": {"uv": [8, 2, 7, 2.5], "rotation": 270, "texture": "#2"},
				"east": {"uv": [0.5, 7, 1.5, 7.5], "rotation": 270, "texture": "#2"},
				"south": {"uv": [2.5, 7.5, 1.5, 7], "rotation": 270, "texture": "#2"},
				"west": {"uv": [7, 0, 8, 0.5], "rotation": 90, "texture": "#2"},
				"up": {"uv": [8.5, 1.5, 9, 2], "rotation": 180, "texture": "#2"},
				"down": {"uv": [2, 8.5, 2.5, 9], "texture": "#2"}
			}
		},
		{
			"from": [9, 27.68495, 9.45469],
			"to": [10, 29.68495, 10.45469],
			"rotation": {"angle": 0, "axis": "y", "origin": [4, 26, 10]},
			"faces": {
				"north": {"uv": [8, 5.5, 7, 6], "rotation": 270, "texture": "#2"},
				"east": {"uv": [7, 2.5, 8, 3], "rotation": 270, "texture": "#2"},
				"south": {"uv": [8, 3.5, 7, 3], "rotation": 270, "texture": "#2"},
				"west": {"uv": [2.5, 7, 3.5, 7.5], "rotation": 90, "texture": "#2"},
				"up": {"uv": [2.5, 8.5, 3, 9], "rotation": 180, "texture": "#2"},
				"down": {"uv": [3, 8.5, 3.5, 9], "texture": "#2"}
			}
		},
		{
			"from": [9, 28.68495, 5.45469],
			"to": [10, 30.68495, 6.45469],
			"rotation": {"angle": 0, "axis": "y", "origin": [4, 26, 10]},
			"faces": {
				"north": {"uv": [1.5, 7.5, 0.5, 8], "rotation": 270, "texture": "#2"},
				"east": {"uv": [7, 6.5, 8, 7], "rotation": 270, "texture": "#2"},
				"south": {"uv": [8, 7.5, 7, 7], "rotation": 270, "texture": "#2"},
				"west": {"uv": [7, 6, 8, 6.5], "rotation": 90, "texture": "#2"},
				"up": {"uv": [3.5, 8.5, 4, 9], "rotation": 180, "texture": "#2"},
				"down": {"uv": [4, 8.5, 4.5, 9], "texture": "#2"}
			}
		},
		{
			"from": [9, 22.68495, 11.45469],
			"to": [10, 23.68495, 12.45469],
			"rotation": {"angle": 0, "axis": "y", "origin": [4, 26, 10]},
			"faces": {
				"north": {"uv": [7, 8.5, 6.5, 9], "rotation": 270, "texture": "#2"},
				"east": {"uv": [8.5, 5.5, 9, 6], "rotation": 270, "texture": "#2"},
				"south": {"uv": [9, 6.5, 8.5, 6], "rotation": 270, "texture": "#2"},
				"west": {"uv": [8.5, 4.5, 9, 5], "rotation": 90, "texture": "#2"},
				"up": {"uv": [8.5, 5, 9, 5.5], "rotation": 180, "texture": "#2"},
				"down": {"uv": [6, 8.5, 6.5, 9], "texture": "#2"}
			}
		},
		{
			"from": [9, 23.68495, 10.45469],
			"to": [10, 24.68495, 12.45469],
			"rotation": {"angle": 0, "axis": "y", "origin": [4, 26, 10]},
			"faces": {
				"north": {"uv": [7.5, 8.5, 7, 9], "rotation": 270, "texture": "#2"},
				"east": {"uv": [7.5, 0.5, 8, 1.5], "rotation": 270, "texture": "#2"},
				"south": {"uv": [9, 7, 8.5, 6.5], "rotation": 270, "texture": "#2"},
				"west": {"uv": [4.5, 2, 5, 3], "rotation": 90, "texture": "#2"},
				"up": {"uv": [5, 7, 5.5, 8], "rotation": 180, "texture": "#2"},
				"down": {"uv": [1.5, 7.5, 2, 8.5], "texture": "#2"}
			}
		},
		{
			"from": [9, 26.68495, 7.45469],
			"to": [10, 27.68495, 9.45469],
			"rotation": {"angle": 0, "axis": "y", "origin": [4, 26, 10]},
			"faces": {
				"north": {"uv": [8, 8.5, 7.5, 9], "rotation": 270, "texture": "#2"},
				"east": {"uv": [3, 7.5, 3.5, 8.5], "rotation": 270, "texture": "#2"},
				"south": {"uv": [9, 7.5, 8.5, 7], "rotation": 270, "texture": "#2"},
				"west": {"uv": [2, 7.5, 2.5, 8.5], "rotation": 90, "texture": "#2"},
				"up": {"uv": [2.5, 7.5, 3, 8.5], "rotation": 180, "texture": "#2"},
				"down": {"uv": [7, 7.5, 7.5, 8.5], "texture": "#2"}
			}
		},
		{
			"from": [9, 30.68495, 5.45469],
			"to": [10, 31.68495, 8.45469],
			"rotation": {"angle": 0, "axis": "y", "origin": [4, 26, 10]},
			"faces": {
				"north": {"uv": [8.5, 8.5, 8, 9], "rotation": 270, "texture": "#2"},
				"east": {"uv": [5.5, 3.5, 6, 5], "rotation": 270, "texture": "#2"},
				"south": {"uv": [9, 8, 8.5, 7.5], "rotation": 270, "texture": "#2"},
				"west": {"uv": [5.5, 0.5, 6, 2], "rotation": 90, "texture": "#2"},
				"up": {"uv": [5.5, 2, 6, 3.5], "rotation": 180, "texture": "#2"},
				"down": {"uv": [5, 5.5, 5.5, 7], "texture": "#2"}
			}
		},
		{
			"from": [9, 27.68495, 10.45469],
			"to": [10, 28.68495, 11.45469],
			"rotation": {"angle": 0, "axis": "y", "origin": [4, 26, 10]},
			"faces": {
				"north": {"uv": [9.5, 0.5, 9, 1], "rotation": 270, "texture": "#2"},
				"east": {"uv": [0, 9, 0.5, 9.5], "rotation": 270, "texture": "#2"},
				"south": {"uv": [1, 9.5, 0.5, 9], "rotation": 270, "texture": "#2"},
				"west": {"uv": [8.5, 8, 9, 8.5], "rotation": 90, "texture": "#2"},
				"up": {"uv": [8.5, 8.5, 9, 9], "rotation": 180, "texture": "#2"},
				"down": {"uv": [9, 0, 9.5, 0.5], "texture": "#2"}
			}
		},
		{
			"from": [9, 25.68495, 8.45469],
			"to": [10, 26.68495, 9.45469],
			"rotation": {"angle": 0, "axis": "y", "origin": [4, 26, 10]},
			"faces": {
				"north": {"uv": [9.5, 2, 9, 2.5], "rotation": 270, "texture": "#2"},
				"east": {"uv": [1.5, 9, 2, 9.5], "rotation": 270, "texture": "#2"},
				"south": {"uv": [2.5, 9.5, 2, 9], "rotation": 270, "texture": "#2"},
				"west": {"uv": [1, 9, 1.5, 9.5], "rotation": 90, "texture": "#2"},
				"up": {"uv": [9, 1, 9.5, 1.5], "rotation": 180, "texture": "#2"},
				"down": {"uv": [9, 1.5, 9.5, 2], "texture": "#2"}
			}
		},
		{
			"from": [9, 17.68495, 11.45469],
			"to": [10, 18.68495, 13.45469],
			"rotation": {"angle": 0, "axis": "y", "origin": [4, 26, 10]},
			"faces": {
				"north": {"uv": [9.5, 2.5, 9, 3], "rotation": 270, "texture": "#2"},
				"east": {"uv": [0.5, 8, 1, 9], "rotation": 270, "texture": "#2"},
				"south": {"uv": [3, 9.5, 2.5, 9], "rotation": 270, "texture": "#2"},
				"west": {"uv": [7.5, 7.5, 8, 8.5], "rotation": 90, "texture": "#2"},
				"up": {"uv": [8, 0, 8.5, 1], "rotation": 180, "texture": "#2"},
				"down": {"uv": [1, 8, 1.5, 9], "texture": "#2"}
			}
		},
		{
			"from": [9, 21.68495, 17.45469],
			"to": [10, 25.68495, 18.45469],
			"rotation": {"angle": 0, "axis": "y", "origin": [4, 26, 10]},
			"faces": {
				"north": {"uv": [2, 4.5, 0, 5], "rotation": 270, "texture": "#2"},
				"east": {"uv": [3, 3.5, 5, 4], "rotation": 270, "texture": "#2"},
				"south": {"uv": [5, 4.5, 3, 4], "rotation": 270, "texture": "#2"},
				"west": {"uv": [3, 3, 5, 3.5], "rotation": 90, "texture": "#2"},
				"up": {"uv": [3, 9, 3.5, 9.5], "rotation": 180, "texture": "#2"},
				"down": {"uv": [9, 3, 9.5, 3.5], "texture": "#2"}
			}
		},
		{
			"from": [9, 21.68495, 16.45469],
			"to": [10, 24.68495, 17.45469],
			"rotation": {"angle": 0, "axis": "y", "origin": [4, 26, 10]},
			"faces": {
				"north": {"uv": [7.5, 1.5, 6, 2], "rotation": 270, "texture": "#2"},
				"east": {"uv": [6, 0.5, 7.5, 1], "rotation": 270, "texture": "#2"},
				"south": {"uv": [7.5, 1.5, 6, 1], "rotation": 270, "texture": "#2"},
				"west": {"uv": [5.5, 5.5, 7, 6], "rotation": 90, "texture": "#2"},
				"up": {"uv": [3.5, 9, 4, 9.5], "rotation": 180, "texture": "#2"},
				"down": {"uv": [9, 3.5, 9.5, 4], "texture": "#2"}
			}
		},
		{
			"from": [9, 21.68495, 15.45469],
			"to": [10, 23.68495, 16.45469],
			"rotation": {"angle": 0, "axis": "y", "origin": [4, 26, 10]},
			"faces": {
				"north": {"uv": [9, 2.5, 8, 3], "rotation": 270, "texture": "#2"},
				"east": {"uv": [8, 1, 9, 1.5], "rotation": 270, "texture": "#2"},
				"south": {"uv": [9, 2.5, 8, 2], "rotation": 270, "texture": "#2"},
				"west": {"uv": [7.5, 1.5, 8.5, 2], "rotation": 90, "texture": "#2"},
				"up": {"uv": [4, 9, 4.5, 9.5], "rotation": 180, "texture": "#2"},
				"down": {"uv": [9, 4, 9.5, 4.5], "texture": "#2"}
			}
		},
		{
			"from": [9, 21.68495, 12.45469],
			"to": [10, 24.68495, 15.45469],
			"rotation": {"angle": 0, "axis": "y", "origin": [4, 26, 10]},
			"faces": {
				"north": {"uv": [3.5, 6.5, 2, 7], "rotation": 270, "texture": "#2"},
				"east": {"uv": [1.5, 1.5, 3, 3], "rotation": 270, "texture": "#2"},
				"south": {"uv": [7, 6.5, 5.5, 6], "rotation": 270, "texture": "#2"},
				"west": {"uv": [1.5, 0, 3, 1.5], "rotation": 90, "texture": "#2"},
				"up": {"uv": [6, 2, 6.5, 3.5], "rotation": 180, "texture": "#2"},
				"down": {"uv": [6, 3.5, 6.5, 5], "texture": "#2"}
			}
		},
		{
			"from": [9, 24.68495, 9.45469],
			"to": [10, 27.68495, 12.45469],
			"rotation": {"angle": 0, "axis": "y", "origin": [4, 26, 10]},
			"faces": {
				"north": {"uv": [8, 4, 6.5, 4.5], "rotation": 270, "texture": "#2"},
				"east": {"uv": [3, 0, 4.5, 1.5], "rotation": 270, "texture": "#2"},
				"south": {"uv": [8, 4, 6.5, 3.5], "rotation": 270, "texture": "#2"},
				"west": {"uv": [0, 3, 1.5, 4.5], "rotation": 90, "texture": "#2"},
				"up": {"uv": [6.5, 2, 7, 3.5], "rotation": 180, "texture": "#2"},
				"down": {"uv": [3.5, 6.5, 4, 8], "texture": "#2"}
			}
		},
		{
			"from": [9, 27.68495, 6.45469],
			"to": [10, 30.68495, 9.45469],
			"rotation": {"angle": 0, "axis": "y", "origin": [4, 26, 10]},
			"faces": {
				"north": {"uv": [8, 5, 6.5, 5.5], "rotation": 270, "texture": "#2"},
				"east": {"uv": [3, 1.5, 4.5, 3], "rotation": 270, "texture": "#2"},
				"south": {"uv": [8, 5, 6.5, 4.5], "rotation": 270, "texture": "#2"},
				"west": {"uv": [1.5, 3, 3, 4.5], "rotation": 90, "texture": "#2"},
				"up": {"uv": [4, 6.5, 4.5, 8], "rotation": 180, "texture": "#2"},
				"down": {"uv": [4.5, 6.5, 5, 8], "texture": "#2"}
			}
		},
		{
			"from": [9, 23.68495, 18.45469],
			"to": [10, 25.68495, 19.45469],
			"rotation": {"angle": 0, "axis": "y", "origin": [4, 26, 10]},
			"faces": {
				"north": {"uv": [9, 4, 8, 4.5], "rotation": 270, "texture": "#2"},
				"east": {"uv": [3.5, 8, 4.5, 8.5], "rotation": 270, "texture": "#2"},
				"south": {"uv": [9, 4, 8, 3.5], "rotation": 270, "texture": "#2"},
				"west": {"uv": [8, 3, 9, 3.5], "rotation": 90, "texture": "#2"},
				"up": {"uv": [4.5, 9, 5, 9.5], "rotation": 180, "texture": "#2"},
				"down": {"uv": [9, 4.5, 9.5, 5], "texture": "#2"}
			}
		},
		{
			"from": [9, 18.68495, 16.45469],
			"to": [10, 19.68495, 19.45469],
			"rotation": {"angle": 0, "axis": "y", "origin": [4, 26, 10]},
			"faces": {
				"north": {"uv": [9.5, 5, 9, 5.5], "rotation": 270, "texture": "#2"},
				"east": {"uv": [6.5, 6.5, 7, 8], "rotation": 270, "texture": "#2"},
				"south": {"uv": [5.5, 9.5, 5, 9], "rotation": 270, "texture": "#2"},
				"west": {"uv": [5.5, 6.5, 6, 8], "rotation": 90, "texture": "#2"},
				"up": {"uv": [6, 6.5, 6.5, 8], "rotation": 180, "texture": "#2"},
				"down": {"uv": [0, 7, 0.5, 8.5], "texture": "#2"}
			}
		},
		{
			"from": [9, 19.68495, 16.45469],
			"to": [10, 20.68495, 18.45469],
			"rotation": {"angle": 0, "axis": "y", "origin": [4, 26, 10]},
			"faces": {
				"north": {"uv": [9.5, 5.5, 9, 6], "rotation": 270, "texture": "#2"},
				"east": {"uv": [5, 8, 5.5, 9], "rotation": 270, "texture": "#2"},
				"south": {"uv": [6, 9.5, 5.5, 9], "rotation": 270, "texture": "#2"},
				"west": {"uv": [4.5, 8, 5, 9], "rotation": 90, "texture": "#2"},
				"up": {"uv": [8, 4.5, 8.5, 5.5], "rotation": 180, "texture": "#2"},
				"down": {"uv": [5.5, 8, 6, 9], "texture": "#2"}
			}
		},
		{
			"from": [9, 20.68495, 13.45469],
			"to": [10, 21.68495, 17.45469],
			"rotation": {"angle": 0, "axis": "y", "origin": [4, 26, 10]},
			"faces": {
				"north": {"uv": [9.5, 6, 9, 6.5], "rotation": 270, "texture": "#2"},
				"east": {"uv": [2.5, 4.5, 3, 6.5], "rotation": 270, "texture": "#2"},
				"south": {"uv": [6.5, 9.5, 6, 9], "rotation": 270, "texture": "#2"},
				"west": {"uv": [4.5, 0, 5, 2], "rotation": 90, "texture": "#2"},
				"up": {"uv": [2, 4.5, 2.5, 6.5], "rotation": 180, "texture": "#2"},
				"down": {"uv": [3, 4.5, 3.5, 6.5], "texture": "#2"}
			}
		},
		{
			"from": [9, 19.68495, 12.45469],
			"to": [10, 20.68495, 16.45469],
			"rotation": {"angle": 0, "axis": "y", "origin": [4, 26, 10]},
			"faces": {
				"north": {"uv": [9.5, 6.5, 9, 7], "rotation": 270, "texture": "#2"},
				"east": {"uv": [4.5, 4.5, 5, 6.5], "rotation": 270, "texture": "#2"},
				"south": {"uv": [7, 9.5, 6.5, 9], "rotation": 270, "texture": "#2"},
				"west": {"uv": [3.5, 4.5, 4, 6.5], "rotation": 90, "texture": "#2"},
				"up": {"uv": [4, 4.5, 4.5, 6.5], "rotation": 180, "texture": "#2"},
				"down": {"uv": [0, 5, 0.5, 7], "texture": "#2"}
			}
		},
		{
			"from": [9, 18.68495, 11.45469],
			"to": [10, 19.68495, 15.45469],
			"rotation": {"angle": 0, "axis": "y", "origin": [4, 26, 10]},
			"faces": {
				"north": {"uv": [9.5, 7, 9, 7.5], "rotation": 270, "texture": "#2"},
				"east": {"uv": [1, 5, 1.5, 7], "rotation": 270, "texture": "#2"},
				"south": {"uv": [7.5, 9.5, 7, 9], "rotation": 270, "texture": "#2"},
				"west": {"uv": [5, 0, 5.5, 2], "rotation": 90, "texture": "#2"},
				"up": {"uv": [0.5, 5, 1, 7], "rotation": 180, "texture": "#2"},
				"down": {"uv": [1.5, 5, 2, 7], "texture": "#2"}
			}
		},
		{
			"from": [0, 0, 21.5],
			"to": [4, 6, 25.5],
			"rotation": {"angle": 0, "axis": "y", "origin": [2, 4, 26]},
			"faces": {
				"north": {"uv": [5, 14.5, 6, 16], "texture": "#0"},
				"east": {"uv": [4, 14.5, 5, 16], "texture": "#0"},
				"south": {"uv": [7, 14.5, 8, 16], "texture": "#0"},
				"west": {"uv": [6, 14.5, 7, 16], "texture": "#0"},
				"up": {"uv": [5, 12, 6, 13], "texture": "#0"},
				"down": {"uv": [6, 12, 7, 13], "texture": "#0"}
			}
		},
		{
			"from": [0, 5, 23],
			"to": [4, 11, 27],
			"rotation": {"angle": 22.5, "axis": "x", "origin": [2, 10, 26]},
			"faces": {
				"north": {"uv": [5, 13, 6, 14.5], "texture": "#0"},
				"east": {"uv": [4, 13, 5, 14.5], "texture": "#0"},
				"south": {"uv": [7, 13, 8, 14.5], "texture": "#0"},
				"west": {"uv": [6, 13, 7, 14.5], "texture": "#0"},
				"up": {"uv": [5, 12, 6, 13], "texture": "#0"},
				"down": {"uv": [5, 12, 6, 13], "texture": "#0"}
			}
		},
		{
			"from": [4, 0, 24],
			"to": [8, 6, 28],
			"rotation": {"angle": 0, "axis": "y", "origin": [6, 3, 2]},
			"faces": {
				"north": {"uv": [1, 6.5, 2, 8], "texture": "#0"},
				"east": {"uv": [0, 6.5, 1, 8], "texture": "#0"},
				"south": {"uv": [3, 6.5, 4, 8], "texture": "#0"},
				"west": {"uv": [2, 6.5, 3, 8], "texture": "#0"},
				"up": {"uv": [1, 4, 2, 5], "texture": "#0"},
				"down": {"uv": [2, 4, 3, 5], "texture": "#0"}
			}
		},
		{
			"from": [4, 6, 24],
			"to": [8, 12, 28],
			"rotation": {"angle": 0, "axis": "y", "origin": [6, 11, 26]},
			"faces": {
				"north": {"uv": [1, 5, 2, 6.5], "texture": "#0"},
				"east": {"uv": [0, 5, 1, 6.5], "texture": "#0"},
				"south": {"uv": [3, 5, 4, 6.5], "texture": "#0"},
				"west": {"uv": [2, 5, 3, 6.5], "texture": "#0"},
				"up": {"uv": [1, 4, 2, 5], "texture": "#0"},
				"down": {"uv": [1, 4, 2, 5], "texture": "#0"}
			}
		},
		{
			"from": [8, 17.22417, 17.20432],
			"to": [12, 21.22417, 23.20432],
			"rotation": {"angle": -22.5, "axis": "x", "origin": [10, 18, 23]},
			"faces": {
				"north": {"uv": [12.025, 4.05, 13, 5], "rotation": 180, "texture": "#0"},
				"east": {"uv": [10, 6.5, 11, 8], "rotation": 270, "texture": "#0"},
				"south": {"uv": [12, 5.5, 13, 6.5], "texture": "#0"},
				"west": {"uv": [12, 6.5, 13, 8], "rotation": 90, "texture": "#0"},
				"up": {"uv": [11, 6.5, 12, 8], "rotation": 180, "texture": "#0"},
				"down": {"uv": [13, 6.5, 14, 8], "texture": "#0"}
			}
		},
		{
			"from": [8, 18, 24],
			"to": [12, 24, 28],
			"rotation": {"angle": 45, "axis": "x", "origin": [10, 23, 26]},
			"faces": {
				"north": {"uv": [11, 5, 12, 6.5], "texture": "#0"},
				"east": {"uv": [10, 5, 11, 6.5], "texture": "#0"},
				"south": {"uv": [13, 5, 14, 6.5], "texture": "#0"},
				"west": {"uv": [12, 5, 13, 6.5], "texture": "#0"},
				"up": {"uv": [11, 4, 12, 5], "texture": "#0"},
				"down": {"uv": [11, 5.5, 12, 6.5], "texture": "#0"}
			}
		},
		{
			"from": [-5.5, 17, 17],
			"to": [-1.5, 21, 23],
			"rotation": {"angle": -22.5, "axis": "y", "origin": [-2, 17, 26]},
			"faces": {
				"north": {"uv": [10, 12, 11, 13], "rotation": 180, "texture": "#0"},
				"east": {"uv": [8, 14.5, 9, 16], "rotation": 270, "texture": "#0"},
				"south": {"uv": [9, 13.5, 10, 14.5], "texture": "#0"},
				"west": {"uv": [10, 14.5, 11, 16], "rotation": 90, "texture": "#0"},
				"up": {"uv": [9, 14.5, 10, 16], "rotation": 180, "texture": "#0"},
				"down": {"uv": [11, 14.5, 12, 16], "texture": "#0"}
			}
		},
		{
			"from": [-4, 18, 24],
			"to": [0, 24, 28],
			"rotation": {"angle": 45, "axis": "x", "origin": [-2, 23, 26]},
			"faces": {
				"north": {"uv": [9, 13, 10, 14.5], "texture": "#0"},
				"east": {"uv": [8, 13.025, 9, 14.525], "texture": "#0"},
				"south": {"uv": [11, 13.025, 12, 14.525], "texture": "#0"},
				"west": {"uv": [10, 13, 11, 14.5], "texture": "#0"},
				"up": {"uv": [9, 12, 10, 13], "texture": "#0"},
				"down": {"uv": [9, 13.525, 10, 14.525], "texture": "#0"}
			}
		},
		{
			"from": [0, 12, 24],
			"to": [8, 24, 28],
			"rotation": {"angle": 0, "axis": "y", "origin": [4, 24, 2]},
			"faces": {
				"north": {"uv": [5, 5, 7, 8], "texture": "#0"},
				"east": {"uv": [4, 5, 5, 8], "texture": "#0"},
				"south": {"uv": [8, 5, 10, 8], "texture": "#0"},
				"west": {"uv": [7, 5, 8, 8], "texture": "#0"},
				"up": {"uv": [5, 4, 7, 5], "rotation": 180, "texture": "#0"},
				"down": {"uv": [7, 4, 9, 5], "texture": "#0"}
			}
		},
		{
			"from": [0, 24, 22],
			"to": [8, 32, 30],
			"rotation": {"angle": 0, "axis": "y", "origin": [4, 30, 2]},
			"faces": {
				"north": {"uv": [2, 2, 4, 4], "texture": "#0"},
				"east": {"uv": [0, 2, 2, 4], "texture": "#0"},
				"south": {"uv": [6, 2, 8, 4], "texture": "#0"},
				"west": {"uv": [4, 2, 6, 4], "texture": "#0"},
				"up": {"uv": [2, 0, 4, 2], "texture": "#0"},
				"down": {"uv": [4, 0, 6, 2], "texture": "#0"}
			}
		},
		{
			"from": [-2, -3, 20],
			"to": [10, 0, 32],
			"rotation": {"angle": 0, "axis": "y", "origin": [0, 7, 0]},
			"faces": {
				"north": {"uv": [6, 0, 12, 1.5], "texture": "#1"},
				"east": {"uv": [6, 1.5, 12, 3], "texture": "#1"},
				"south": {"uv": [6, 3, 12, 4.5], "texture": "#1"},
				"west": {"uv": [6, 4.5, 12, 6], "texture": "#1"},
				"up": {"uv": [6, 6, 0, 0], "texture": "#1"},
				"down": {"uv": [6, 6, 0, 12], "texture": "#1"}
			}
		}
	],
	"display": {
		"thirdperson_righthand": {
			"translation": [1.25, 2.25, -4],
			"scale": [0.34, 0.34, 0.34]
		},
		"thirdperson_lefthand": {
			"translation": [-1, 2.5, -4.25],
			"scale": [0.34, 0.34, 0.34]
		},
		"firstperson_righthand": {
			"rotation": [-180, 67.5, -180],
			"translation": [0.75, -0.75, -4],
			"scale": [0.37, 0.37, 0.37]
		},
		"firstperson_lefthand": {
			"rotation": [-180, 66.5, -180],
			"translation": [1.5, -1.25, -2.5],
			"scale": [0.37, 0.37, 0.37]
		},
		"ground": {
			"translation": [0, 0.75, 0],
			"scale": [0.42, 0.42, 0.42]
		},
		"gui": {
			"rotation": [-180, 25, -180],
			"translation": [-10.75, 2.75, 0]
		},
		"head": {
			"translation": [4, 17, -18]
		},
		"fixed": {
			"rotation": [-90, 0, 0],
			"translation": [15.75, -70, -42],
			"scale": [4, 4, 4]
		}
	},
	"groups": [
		{
			"name": "horse",
			"origin": [0, 0, 0],
			"color": 0,
			"children": [
				0,
				1,
				2,
				3,
				4,
				5,
				{
					"name": "group",
					"origin": [4, 0, 12],
					"color": 0,
					"children": [6, 7, 8, 9, 10, 11, 12, 13, 14, 15, 16, 17, 18, 19, 20, 21, 22, 23, 24, 25, 26, 27, 28, 29, 30, 31, 32, 33, 34, 35]
				}
			]
		},
		{
			"name": "Sword",
			"origin": [0, 0, 0],
			"color": 0,
			"children": [36, 37, 38, 39, 40, 41, 42, 43, 44, 45, 46, 47, 48, 49, 50, 51, 52, 53, 54, 55, 56, 57, 58, 59, 60]
		},
		{
			"name": "statue",
			"origin": [0, -6, 0],
			"color": 0,
			"children": [61, 62, 63, 64, 65, 66, 67, 68, 69, 70, 71]
		}
	]
}