{
	"credit": "Made with Blockbench",
	"texture_size": [32, 32],
	"textures": {
		"0": "A",
		"1": "fund",
		"2": "sword",
		"particle": "A"
	},
	"elements": [
		{
			"from": [0, -9, 8],
			"to": [4, -3, 12],
			"rotation": {"angle": 0, "axis": "y", "origin": [2, -12, 11]},
			"faces": {
				"north": {"uv": [5, 14.5, 6, 16], "texture": "#0"},
				"east": {"uv": [4, 14.5, 5, 16], "texture": "#0"},
				"south": {"uv": [7, 14.5, 8, 16], "texture": "#0"},
				"west": {"uv": [6, 14.5, 7, 16], "texture": "#0"},
				"up": {"uv": [5, 12, 6, 13], "texture": "#0"},
				"down": {"uv": [6, 12, 7, 13], "texture": "#0"}
			}
		},
		{
			"from": [0, -3, 9],
			"to": [4, 3, 13],
			"rotation": {"angle": 22.5, "axis": "x", "origin": [2, 0, 11]},
			"faces": {
				"north": {"uv": [5, 13, 6, 14.5], "texture": "#0"},
				"east": {"uv": [4, 13, 5, 14.5], "texture": "#0"},
				"south": {"uv": [7, 13, 8, 14.5], "texture": "#0"},
				"west": {"uv": [6, 13, 7, 14.5], "texture": "#0"},
				"up": {"uv": [5, 12, 6, 13], "texture": "#0"},
				"down": {"uv": [5, 12, 6, 13], "texture": "#0"}
			}
		},
		{
			"from": [4, -10, 13],
			"to": [8, -4, 17],
			"rotation": {"angle": -22.5, "axis": "x", "origin": [6, -13, 11]},
			"faces": {
				"north": {"uv": [1, 6.5, 2, 8], "texture": "#0"},
				"east": {"uv": [0, 6.5, 1, 8], "texture": "#0"},
				"south": {"uv": [3, 6.5, 4, 8], "texture": "#0"},
				"west": {"uv": [2, 6.5, 3, 8], "texture": "#0"},
				"up": {"uv": [1, 4, 2, 5], "texture": "#0"},
				"down": {"uv": [2, 4, 3, 5], "texture": "#0"}
			}
		},
		{
			"from": [4, -3, 9],
			"to": [8, 3, 13],
			"rotation": {"angle": 0, "axis": "y", "origin": [6, 0, 11]},
			"faces": {
				"north": {"uv": [1, 5, 2, 6.5], "texture": "#0"},
				"east": {"uv": [0, 5, 1, 6.5], "texture": "#0"},
				"south": {"uv": [3, 5, 4, 6.5], "texture": "#0"},
				"west": {"uv": [2, 5, 3, 6.5], "texture": "#0"},
				"up": {"uv": [1, 4, 2, 5], "texture": "#0"},
				"down": {"uv": [1, 4, 2, 5], "texture": "#0"}
			}
		},
		{
			"from": [8, 14.64555, 3.55793],
			"to": [12, 20.64555, 7.55793],
			"rotation": {"angle": -45, "axis": "x", "origin": [10, 16, 6]},
			"faces": {
				"north": {"uv": [13, 6.5, 14, 8], "rotation": 180, "texture": "#0"},
				"east": {"uv": [10, 6.5, 11, 8], "rotation": 180, "texture": "#0"},
				"south": {"uv": [11, 6.5, 12, 8], "rotation": 180, "texture": "#0"},
				"west": {"uv": [12, 6.5, 13, 8], "rotation": 180, "texture": "#0"},
				"up": {"uv": [12.025, 4.05, 13, 5], "texture": "#0"},
				"down": {"uv": [12, 5.5, 13, 6.5], "texture": "#0"}
			}
		},
		{
			"from": [8, 12, 6],
			"to": [12, 16, 12],
			"rotation": {"angle": 0, "axis": "y", "origin": [10, 14, 11]},
			"faces": {
				"north": {"uv": [11, 5.5, 12, 6.5], "rotation": 180, "texture": "#0"},
				"east": {"uv": [10, 5, 11, 6.5], "rotation": 270, "texture": "#0"},
				"south": {"uv": [11, 4, 12, 5], "texture": "#0"},
				"west": {"uv": [12, 5, 13, 6.5], "rotation": 90, "texture": "#0"},
				"up": {"uv": [11, 5, 12, 6.5], "rotation": 180, "texture": "#0"},
				"down": {"uv": [13, 5, 14, 6.5], "texture": "#0"}
			}
		},
		{
			"from": [-13.5, 9, 13],
			"to": [-7.5, 13, 17],
			"rotation": {"angle": -22.5, "axis": "z", "origin": [-0.5, 7, 13]},
			"faces": {
				"north": {"uv": [8, 14.5, 9, 16], "rotation": 270, "texture": "#0"},
				"east": {"uv": [9, 13.5, 10, 14.5], "texture": "#0"},
				"south": {"uv": [10, 14.5, 11, 16], "rotation": 90, "texture": "#0"},
				"west": {"uv": [10, 12, 11, 13], "rotation": 180, "texture": "#0"},
				"up": {"uv": [9, 14.5, 10, 16], "rotation": 90, "texture": "#0"},
				"down": {"uv": [11, 14.5, 12, 16], "rotation": 90, "texture": "#0"}
			}
		},
		{
			"from": [-5.5, 11, 11],
			"to": [0.5, 15, 15],
			"rotation": {"angle": 22.5, "axis": "y", "origin": [-0.5, 13, 13]},
			"faces": {
				"north": {"uv": [8, 13.025, 9, 14.525], "rotation": 270, "texture": "#0"},
				"east": {"uv": [9, 12, 10, 13], "texture": "#0"},
				"south": {"uv": [10, 13, 11, 14.5], "rotation": 90, "texture": "#0"},
				"west": {"uv": [9, 13.525, 10, 14.525], "rotation": 180, "texture": "#0"},
				"up": {"uv": [9, 13, 10, 14.5], "rotation": 90, "texture": "#0"},
				"down": {"uv": [11, 13.025, 12, 14.525], "rotation": 90, "texture": "#0"}
			}
		},
		{
			"from": [0, 3, 9],
			"to": [8, 15, 13],
			"rotation": {"angle": 22.5, "axis": "y", "origin": [4, 8, 11]},
			"faces": {
				"north": {"uv": [5, 5, 7, 8], "texture": "#0"},
				"east": {"uv": [4, 5, 5, 8], "texture": "#0"},
				"south": {"uv": [8, 5, 10, 8], "texture": "#0"},
				"west": {"uv": [7, 5, 8, 8], "texture": "#0"},
				"up": {"uv": [5, 4, 7, 5], "rotation": 180, "texture": "#0"},
				"down": {"uv": [7, 4, 9, 5], "texture": "#0"}
			}
		},
		{
			"from": [0, 15, 7],
			"to": [8, 23, 15],
			"rotation": {"angle": -22.5, "axis": "y", "origin": [4, 14, 11]},
			"faces": {
				"north": {"uv": [0, 2, 2, 4], "texture": "#0"},
				"east": {"uv": [6, 2, 8, 4], "texture": "#0"},
				"south": {"uv": [4, 2, 6, 4], "texture": "#0"},
				"west": {"uv": [2, 2, 4, 4], "texture": "#0"},
				"up": {"uv": [2, 0, 4, 2], "rotation": 270, "texture": "#0"},
				"down": {"uv": [4, 0, 6, 2], "rotation": 90, "texture": "#0"}
			}
		},
		{
			"from": [-2, -12, 5],
			"to": [10, -9, 17],
			"rotation": {"angle": 0, "axis": "y", "origin": [0, -9, 9]},
			"faces": {
				"north": {"uv": [6, 0, 12, 1.5], "texture": "#1"},
				"east": {"uv": [6, 1.5, 12, 3], "texture": "#1"},
				"south": {"uv": [6, 3, 12, 4.5], "texture": "#1"},
				"west": {"uv": [6, 4.5, 12, 6], "texture": "#1"},
				"up": {"uv": [6, 6, 0, 0], "texture": "#1"},
				"down": {"uv": [6, 6, 0, 12], "texture": "#1"}
			}
		},
		{
			"from": [9, 15.29531, 4.06505],
			"to": [10, 18.29531, 7.06505],
			"rotation": {"angle": 22.5, "axis": "x", "origin": [4, 20, 3]},
			"faces": {
				"north": {"uv": [5, 2, 5.5, 3.5], "rotation": 180, "texture": "#2"},
				"east": {"uv": [0, 0, 1.5, 1.5], "rotation": 180, "texture": "#2"},
				"south": {"uv": [5, 3.5, 5.5, 5], "rotation": 180, "texture": "#2"},
				"west": {"uv": [0, 1.5, 1.5, 3], "rotation": 180, "texture": "#2"},
				"up": {"uv": [7, 0, 5.5, 0.5], "rotation": 270, "texture": "#2"},
				"down": {"uv": [6.5, 5.5, 5, 5], "rotation": 90, "texture": "#2"}
			}
		},
		{
			"from": [9, 18.29531, 4.06505],
			"to": [10, 19.29531, 5.06505],
			"rotation": {"angle": 22.5, "axis": "x", "origin": [4, 20, 3]},
			"faces": {
				"north": {"uv": [6, 8, 6.5, 8.5], "rotation": 180, "texture": "#2"},
				"east": {"uv": [8, 5.5, 8.5, 6], "rotation": 180, "texture": "#2"},
				"south": {"uv": [6.5, 8, 7, 8.5], "rotation": 180, "texture": "#2"},
				"west": {"uv": [8, 6, 8.5, 6.5], "rotation": 180, "texture": "#2"},
				"up": {"uv": [8.5, 7, 8, 7.5], "rotation": 270, "texture": "#2"},
				"down": {"uv": [8.5, 7, 8, 6.5], "rotation": 90, "texture": "#2"}
			}
		},
		{
			"from": [9, 22.29531, -2.93495],
			"to": [10, 23.29531, -1.93495],
			"rotation": {"angle": 22.5, "axis": "x", "origin": [4, 20, 3]},
			"faces": {
				"north": {"uv": [8, 8, 8.5, 8.5], "rotation": 180, "texture": "#2"},
				"east": {"uv": [8, 7.5, 8.5, 8], "rotation": 180, "texture": "#2"},
				"south": {"uv": [8.5, 0, 9, 0.5], "rotation": 180, "texture": "#2"},
				"west": {"uv": [0, 8.5, 0.5, 9], "rotation": 180, "texture": "#2"},
				"up": {"uv": [2, 8.5, 1.5, 9], "rotation": 270, "texture": "#2"},
				"down": {"uv": [9, 1, 8.5, 0.5], "rotation": 90, "texture": "#2"}
			}
		},
		{
			"from": [9, 23.29531, -3.93495],
			"to": [10, 24.29531, -1.93495],
			"rotation": {"angle": 22.5, "axis": "x", "origin": [4, 20, 3]},
			"faces": {
				"north": {"uv": [8.5, 1.5, 9, 2], "rotation": 180, "texture": "#2"},
				"east": {"uv": [7, 0, 8, 0.5], "rotation": 180, "texture": "#2"},
				"south": {"uv": [2, 8.5, 2.5, 9], "rotation": 180, "texture": "#2"},
				"west": {"uv": [0.5, 7, 1.5, 7.5], "rotation": 180, "texture": "#2"},
				"up": {"uv": [8, 2, 7, 2.5], "rotation": 270, "texture": "#2"},
				"down": {"uv": [2.5, 7.5, 1.5, 7], "rotation": 90, "texture": "#2"}
			}
		},
		{
			"from": [9, 26.29531, -6.93495],
			"to": [10, 27.29531, -4.93495],
			"rotation": {"angle": 22.5, "axis": "x", "origin": [4, 20, 3]},
			"faces": {
				"north": {"uv": [2.5, 8.5, 3, 9], "rotation": 180, "texture": "#2"},
				"east": {"uv": [2.5, 7, 3.5, 7.5], "rotation": 180, "texture": "#2"},
				"south": {"uv": [3, 8.5, 3.5, 9], "rotation": 180, "texture": "#2"},
				"west": {"uv": [7, 2.5, 8, 3], "rotation": 180, "texture": "#2"},
				"up": {"uv": [8, 5.5, 7, 6], "rotation": 270, "texture": "#2"},
				"down": {"uv": [8, 3.5, 7, 3], "rotation": 90, "texture": "#2"}
			}
		},
		{
			"from": [9, 30.29531, -7.93495],
			"to": [10, 31.29531, -5.93495],
			"rotation": {"angle": 22.5, "axis": "x", "origin": [4, 20, 3]},
			"faces": {
				"north": {"uv": [3.5, 8.5, 4, 9], "rotation": 180, "texture": "#2"},
				"east": {"uv": [7, 6, 8, 6.5], "rotation": 180, "texture": "#2"},
				"south": {"uv": [4, 8.5, 4.5, 9], "rotation": 180, "texture": "#2"},
				"west": {"uv": [7, 6.5, 8, 7], "rotation": 180, "texture": "#2"},
				"up": {"uv": [1.5, 7.5, 0.5, 8], "rotation": 270, "texture": "#2"},
				"down": {"uv": [8, 7.5, 7, 7], "rotation": 90, "texture": "#2"}
			}
		},
		{
			"from": [9, 24.29531, -0.93495],
			"to": [10, 25.29531, 0.06505],
			"rotation": {"angle": 22.5, "axis": "x", "origin": [4, 20, 3]},
			"faces": {
				"north": {"uv": [8.5, 5, 9, 5.5], "rotation": 180, "texture": "#2"},
				"east": {"uv": [8.5, 4.5, 9, 5], "rotation": 180, "texture": "#2"},
				"south": {"uv": [6, 8.5, 6.5, 9], "rotation": 180, "texture": "#2"},
				"west": {"uv": [8.5, 5.5, 9, 6], "rotation": 180, "texture": "#2"},
				"up": {"uv": [7, 8.5, 6.5, 9], "rotation": 270, "texture": "#2"},
				"down": {"uv": [9, 6.5, 8.5, 6], "rotation": 90, "texture": "#2"}
			}
		},
		{
			"from": [9, 24.29531, -1.93495],
			"to": [10, 26.29531, -0.93495],
			"rotation": {"angle": 22.5, "axis": "x", "origin": [4, 20, 3]},
			"faces": {
				"north": {"uv": [5, 7, 5.5, 8], "rotation": 180, "texture": "#2"},
				"east": {"uv": [4.5, 2, 5, 3], "rotation": 180, "texture": "#2"},
				"south": {"uv": [1.5, 7.5, 2, 8.5], "rotation": 180, "texture": "#2"},
				"west": {"uv": [7.5, 0.5, 8, 1.5], "rotation": 180, "texture": "#2"},
				"up": {"uv": [7.5, 8.5, 7, 9], "rotation": 270, "texture": "#2"},
				"down": {"uv": [9, 7, 8.5, 6.5], "rotation": 90, "texture": "#2"}
			}
		},
		{
			"from": [9, 27.29531, -4.93495],
			"to": [10, 29.29531, -3.93495],
			"rotation": {"angle": 22.5, "axis": "x", "origin": [4, 20, 3]},
			"faces": {
				"north": {"uv": [2.5, 7.5, 3, 8.5], "rotation": 180, "texture": "#2"},
				"east": {"uv": [2, 7.5, 2.5, 8.5], "rotation": 180, "texture": "#2"},
				"south": {"uv": [7, 7.5, 7.5, 8.5], "rotation": 180, "texture": "#2"},
				"west": {"uv": [3, 7.5, 3.5, 8.5], "rotation": 180, "texture": "#2"},
				"up": {"uv": [8, 8.5, 7.5, 9], "rotation": 270, "texture": "#2"},
				"down": {"uv": [9, 7.5, 8.5, 7], "rotation": 90, "texture": "#2"}
			}
		},
		{
			"from": [9, 28.29531, -8.93495],
			"to": [10, 31.29531, -7.93495],
			"rotation": {"angle": 22.5, "axis": "x", "origin": [4, 20, 3]},
			"faces": {
				"north": {"uv": [5.5, 2, 6, 3.5], "rotation": 180, "texture": "#2"},
				"east": {"uv": [5.5, 0.5, 6, 2], "rotation": 180, "texture": "#2"},
				"south": {"uv": [5, 5.5, 5.5, 7], "rotation": 180, "texture": "#2"},
				"west": {"uv": [5.5, 3.5, 6, 5], "rotation": 180, "texture": "#2"},
				"up": {"uv": [8.5, 8.5, 8, 9], "rotation": 270, "texture": "#2"},
				"down": {"uv": [9, 8, 8.5, 7.5], "rotation": 90, "texture": "#2"}
			}
		},
		{
			"from": [9, 25.29531, -5.93495],
			"to": [10, 26.29531, -4.93495],
			"rotation": {"angle": 22.5, "axis": "x", "origin": [4, 20, 3]},
			"faces": {
				"north": {"uv": [8.5, 8.5, 9, 9], "rotation": 180, "texture": "#2"},
				"east": {"uv": [8.5, 8, 9, 8.5], "rotation": 180, "texture": "#2"},
				"south": {"uv": [9, 0, 9.5, 0.5], "rotation": 180, "texture": "#2"},
				"west": {"uv": [0, 9, 0.5, 9.5], "rotation": 180, "texture": "#2"},
				"up": {"uv": [9.5, 0.5, 9, 1], "rotation": 270, "texture": "#2"},
				"down": {"uv": [1, 9.5, 0.5, 9], "rotation": 90, "texture": "#2"}
			}
		},
		{
			"from": [9, 27.29531, -3.93495],
			"to": [10, 28.29531, -2.93495],
			"rotation": {"angle": 22.5, "axis": "x", "origin": [4, 20, 3]},
			"faces": {
				"north": {"uv": [9, 1, 9.5, 1.5], "rotation": 180, "texture": "#2"},
				"east": {"uv": [1, 9, 1.5, 9.5], "rotation": 180, "texture": "#2"},
				"south": {"uv": [9, 1.5, 9.5, 2], "rotation": 180, "texture": "#2"},
				"west": {"uv": [1.5, 9, 2, 9.5], "rotation": 180, "texture": "#2"},
				"up": {"uv": [9.5, 2, 9, 2.5], "rotation": 270, "texture": "#2"},
				"down": {"uv": [2.5, 9.5, 2, 9], "rotation": 90, "texture": "#2"}
			}
		},
		{
			"from": [9, 23.29531, 4.06505],
			"to": [10, 25.29531, 5.06505],
			"rotation": {"angle": 22.5, "axis": "x", "origin": [4, 20, 3]},
			"faces": {
				"north": {"uv": [8, 0, 8.5, 1], "rotation": 180, "texture": "#2"},
				"east": {"uv": [7.5, 7.5, 8, 8.5], "rotation": 180, "texture": "#2"},
				"south": {"uv": [1, 8, 1.5, 9], "rotation": 180, "texture": "#2"},
				"west": {"uv": [0.5, 8, 1, 9], "rotation": 180, "texture": "#2"},
				"up": {"uv": [9.5, 2.5, 9, 3], "rotation": 270, "texture": "#2"},
				"down": {"uv": [3, 9.5, 2.5, 9], "rotation": 90, "texture": "#2"}
			}
		},
		{
			"from": [9, 18.29531, -2.93495],
			"to": [10, 19.29531, 1.06505],
			"rotation": {"angle": 22.5, "axis": "x", "origin": [4, 20, 3]},
			"faces": {
				"north": {"uv": [3, 9, 3.5, 9.5], "rotation": 180, "texture": "#2"},
				"east": {"uv": [3, 3, 5, 3.5], "rotation": 180, "texture": "#2"},
				"south": {"uv": [9, 3, 9.5, 3.5], "rotation": 180, "texture": "#2"},
				"west": {"uv": [3, 3.5, 5, 4], "rotation": 180, "texture": "#2"},
				"up": {"uv": [2, 4.5, 0, 5], "rotation": 270, "texture": "#2"},
				"down": {"uv": [5, 4.5, 3, 4], "rotation": 90, "texture": "#2"}
			}
		},
		{
			"from": [9, 19.29531, -1.93495],
			"to": [10, 20.29531, 1.06505],
			"rotation": {"angle": 22.5, "axis": "x", "origin": [4, 20, 3]},
			"faces": {
				"north": {"uv": [3.5, 9, 4, 9.5], "rotation": 180, "texture": "#2"},
				"east": {"uv": [5.5, 5.5, 7, 6], "rotation": 180, "texture": "#2"},
				"south": {"uv": [9, 3.5, 9.5, 4], "rotation": 180, "texture": "#2"},
				"west": {"uv": [6, 0.5, 7.5, 1], "rotation": 180, "texture": "#2"},
				"up": {"uv": [7.5, 1.5, 6, 2], "rotation": 270, "texture": "#2"},
				"down": {"uv": [7.5, 1.5, 6, 1], "rotation": 90, "texture": "#2"}
			}
		},
		{
			"from": [9, 20.29531, -0.93495],
			"to": [10, 21.29531, 1.06505],
			"rotation": {"angle": 22.5, "axis": "x", "origin": [4, 20, 3]},
			"faces": {
				"north": {"uv": [4, 9, 4.5, 9.5], "rotation": 180, "texture": "#2"},
				"east": {"uv": [7.5, 1.5, 8.5, 2], "rotation": 180, "texture": "#2"},
				"south": {"uv": [9, 4, 9.5, 4.5], "rotation": 180, "texture": "#2"},
				"west": {"uv": [8, 1, 9, 1.5], "rotation": 180, "texture": "#2"},
				"up": {"uv": [9, 2.5, 8, 3], "rotation": 270, "texture": "#2"},
				"down": {"uv": [9, 2.5, 8, 2], "rotation": 90, "texture": "#2"}
			}
		},
		{
			"from": [9, 21.29531, -1.93495],
			"to": [10, 24.29531, 1.06505],
			"rotation": {"angle": 22.5, "axis": "x", "origin": [4, 20, 3]},
			"faces": {
				"north": {"uv": [6, 2, 6.5, 3.5], "rotation": 180, "texture": "#2"},
				"east": {"uv": [1.5, 0, 3, 1.5], "rotation": 180, "texture": "#2"},
				"south": {"uv": [6, 3.5, 6.5, 5], "rotation": 180, "texture": "#2"},
				"west": {"uv": [1.5, 1.5, 3, 3], "rotation": 180, "texture": "#2"},
				"up": {"uv": [3.5, 6.5, 2, 7], "rotation": 270, "texture": "#2"},
				"down": {"uv": [7, 6.5, 5.5, 6], "rotation": 90, "texture": "#2"}
			}
		},
		{
			"from": [9, 24.29531, -4.93495],
			"to": [10, 27.29531, -1.93495],
			"rotation": {"angle": 22.5, "axis": "x", "origin": [4, 20, 3]},
			"faces": {
				"north": {"uv": [6.5, 2, 7, 3.5], "rotation": 180, "texture": "#2"},
				"east": {"uv": [0, 3, 1.5, 4.5], "rotation": 180, "texture": "#2"},
				"south": {"uv": [3.5, 6.5, 4, 8], "rotation": 180, "texture": "#2"},
				"west": {"uv": [3, 0, 4.5, 1.5], "rotation": 180, "texture": "#2"},
				"up": {"uv": [8, 4, 6.5, 4.5], "rotation": 270, "texture": "#2"},
				"down": {"uv": [8, 4, 6.5, 3.5], "rotation": 90, "texture": "#2"}
			}
		},
		{
			"from": [9, 27.29531, -7.93495],
			"to": [10, 30.29531, -4.93495],
			"rotation": {"angle": 22.5, "axis": "x", "origin": [4, 20, 3]},
			"faces": {
				"north": {"uv": [4, 6.5, 4.5, 8], "rotation": 180, "texture": "#2"},
				"east": {"uv": [1.5, 3, 3, 4.5], "rotation": 180, "texture": "#2"},
				"south": {"uv": [4.5, 6.5, 5, 8], "rotation": 180, "texture": "#2"},
				"west": {"uv": [3, 1.5, 4.5, 3], "rotation": 180, "texture": "#2"},
				"up": {"uv": [8, 5, 6.5, 5.5], "rotation": 270, "texture": "#2"},
				"down": {"uv": [8, 5, 6.5, 4.5], "rotation": 90, "texture": "#2"}
			}
		},
		{
			"from": [9, 17.29531, -2.93495],
			"to": [10, 18.29531, -0.93495],
			"rotation": {"angle": 22.5, "axis": "x", "origin": [4, 20, 3]},
			"faces": {
				"north": {"uv": [4.5, 9, 5, 9.5], "rotation": 180, "texture": "#2"},
				"east": {"uv": [8, 3, 9, 3.5], "rotation": 180, "texture": "#2"},
				"south": {"uv": [9, 4.5, 9.5, 5], "rotation": 180, "texture": "#2"},
				"west": {"uv": [3.5, 8, 4.5, 8.5], "rotation": 180, "texture": "#2"},
				"up": {"uv": [9, 4, 8, 4.5], "rotation": 270, "texture": "#2"},
				"down": {"uv": [9, 4, 8, 3.5], "rotation": 90, "texture": "#2"}
			}
		},
		{
			"from": [9, 17.29531, 3.06505],
			"to": [10, 20.29531, 4.06505],
			"rotation": {"angle": 22.5, "axis": "x", "origin": [4, 20, 3]},
			"faces": {
				"north": {"uv": [6, 6.5, 6.5, 8], "rotation": 180, "texture": "#2"},
				"east": {"uv": [5.5, 6.5, 6, 8], "rotation": 180, "texture": "#2"},
				"south": {"uv": [0, 7, 0.5, 8.5], "rotation": 180, "texture": "#2"},
				"west": {"uv": [6.5, 6.5, 7, 8], "rotation": 180, "texture": "#2"},
				"up": {"uv": [9.5, 5, 9, 5.5], "rotation": 270, "texture": "#2"},
				"down": {"uv": [5.5, 9.5, 5, 9], "rotation": 90, "texture": "#2"}
			}
		},
		{
			"from": [9, 18.29531, 2.06505],
			"to": [10, 20.29531, 3.06505],
			"rotation": {"angle": 22.5, "axis": "x", "origin": [4, 20, 3]},
			"faces": {
				"north": {"uv": [8, 4.5, 8.5, 5.5], "rotation": 180, "texture": "#2"},
				"east": {"uv": [4.5, 8, 5, 9], "rotation": 180, "texture": "#2"},
				"south": {"uv": [5.5, 8, 6, 9], "rotation": 180, "texture": "#2"},
				"west": {"uv": [5, 8, 5.5, 9], "rotation": 180, "texture": "#2"},
				"up": {"uv": [9.5, 5.5, 9, 6], "rotation": 270, "texture": "#2"},
				"down": {"uv": [6, 9.5, 5.5, 9], "rotation": 90, "texture": "#2"}
			}
		},
		{
			"from": [9, 19.29531, 1.06505],
			"to": [10, 23.29531, 2.06505],
			"rotation": {"angle": 22.5, "axis": "x", "origin": [4, 20, 3]},
			"faces": {
				"north": {"uv": [2, 4.5, 2.5, 6.5], "rotation": 180, "texture": "#2"},
				"east": {"uv": [4.5, 0, 5, 2], "rotation": 180, "texture": "#2"},
				"south": {"uv": [3, 4.5, 3.5, 6.5], "rotation": 180, "texture": "#2"},
				"west": {"uv": [2.5, 4.5, 3, 6.5], "rotation": 180, "texture": "#2"},
				"up": {"uv": [9.5, 6, 9, 6.5], "rotation": 270, "texture": "#2"},
				"down": {"uv": [6.5, 9.5, 6, 9], "rotation": 90, "texture": "#2"}
			}
		},
		{
			"from": [9, 20.29531, 2.06505],
			"to": [10, 24.29531, 3.06505],
			"rotation": {"angle": 22.5, "axis": "x", "origin": [4, 20, 3]},
			"faces": {
				"north": {"uv": [4, 4.5, 4.5, 6.5], "rotation": 180, "texture": "#2"},
				"east": {"uv": [3.5, 4.5, 4, 6.5], "rotation": 180, "texture": "#2"},
				"south": {"uv": [0, 5, 0.5, 7], "rotation": 180, "texture": "#2"},
				"west": {"uv": [4.5, 4.5, 5, 6.5], "rotation": 180, "texture": "#2"},
				"up": {"uv": [9.5, 6.5, 9, 7], "rotation": 270, "texture": "#2"},
				"down": {"uv": [7, 9.5, 6.5, 9], "rotation": 90, "texture": "#2"}
			}
		},
		{
			"from": [9, 21.29531, 3.06505],
			"to": [10, 25.29531, 4.06505],
			"rotation": {"angle": 22.5, "axis": "x", "origin": [4, 20, 3]},
			"faces": {
				"north": {"uv": [0.5, 5, 1, 7], "rotation": 180, "texture": "#2"},
				"east": {"uv": [5, 0, 5.5, 2], "rotation": 180, "texture": "#2"},
				"south": {"uv": [1.5, 5, 2, 7], "rotation": 180, "texture": "#2"},
				"west": {"uv": [1, 5, 1.5, 7], "rotation": 180, "texture": "#2"},
				"up": {"uv": [9.5, 7, 9, 7.5], "rotation": 270, "texture": "#2"},
				"down": {"uv": [7.5, 9.5, 7, 9], "rotation": 90, "texture": "#2"}
			}
		}
	],
	"display": {
		"thirdperson_righthand": {
			"translation": [1.25, 5.75, 0.75],
			"scale": [0.34, 0.34, 0.34]
		},
		"thirdperson_lefthand": {
			"translation": [-1.25, 5.5, 0.75],
			"scale": [0.34, 0.34, 0.34]
		},
		"firstperson_righthand": {
			"rotation": [-180, 82.75, -180],
			"translation": [0.75, 3, -4],
			"scale": [0.37, 0.37, 0.37]
		},
		"firstperson_lefthand": {
			"rotation": [-180, 7.25, -180],
			"translation": [2, 3.25, -2.5],
			"scale": [0.37, 0.37, 0.37]
		},
		"ground": {
			"translation": [0, 3.25, 0],
			"scale": [0.42, 0.42, 0.42]
		},
		"gui": {
			"rotation": [-180, 53, -180],
			"translation": [-4.75, 11.25, 0]
		},
		"head": {
			"translation": [4, 26, -3]
		},
		"fixed": {
			"rotation": [-90, 0, 0],
			"translation": [15.75, -11.5, -78.5],
			"scale": [4, 4, 4]
		}
	},
	"groups": [
		0,
		1,
		2,
		3,
		4,
		5,
		6,
		7,
		8,
		9,
		10,
		{
			"name": "Sword",
			"origin": [0, 0, 0],
			"color": 0,
			"children": [11, 12, 13, 14, 15, 16, 17, 18, 19, 20, 21, 22, 23, 24, 25, 26, 27, 28, 29, 30, 31, 32, 33, 34, 35]
		}
	]
}