{
	"parent": "item/generated",
	"textures": {
		"layer0": "item/totem_of_undying"
	},
	"overrides": [
		{ "predicate": { "custom_model_data": 1001 }, "model": "item/fizik"},
		{ "predicate": { "custom_model_data": 1002 }, "model": "item/fru"},
		{ "predicate": { "custom_model_data": 1003 }, "model": "item/ququver"},
		{ "predicate": { "custom_model_data": 1004 }, "model": "item/mark"},
		{ "predicate": { "custom_model_data": 1005 }, "model": "item/osario"},
		{ "predicate": { "custom_model_data": 1006 }, "model": "item/jana"},
		{ "predicate": { "custom_model_data": 1007 }, "model": "item/anton"},
		{ "predicate": { "custom_model_data": 1008 }, "model": "item/keiwinter"}
	]
}